RegionName,Year,Jan,Dec,Nov,Oct,Sep,Aug,Jul,Jun,May,Apr,Mar,Feb
Alabama,1978,2.0,8.111,15.111,16.778,24.944,26.278,27.056,25.556,21.111,17.722,10.667,3.778
Alabama,1983,5.611,5.444,11.778,17.778,22.222,27.278,27.0,23.611,20.333,14.333,11.111,8.111
Alabama,1988,4.833,8.222,13.611,15.111,23.611,26.889,26.056,25.056,20.167,17.111,12.389,7.444
Alabama,1993,9.333,7.389,10.944,17.111,23.333,26.722,27.889,25.333,20.444,14.833,10.944,7.889
Alabama,1998,8.778,10.778,14.389,19.333,25.222,26.611,27.667,27.056,23.111,16.444,11.889,9.556
Alabama,2003,4.444,6.667,14.556,17.5,22.833,26.333,25.833,24.222,22.0,17.389,14.222,8.889
Alabama,2008,6.111,9.833,10.556,16.778,23.611,25.778,26.667,25.944,21.278,17.111,12.889,9.556
Alabama,2013,10.0,8.833,10.889,18.278,23.889,25.5,25.389,25.556,20.111,16.778,9.889,8.889
Alabama,2018,4.667,9.444,10.222,19.667,26.333,26.389,27.056,26.278,23.556,15.278,13.0,14.444
Alabama,2022,6.611,9.556,13.0,16.222,23.278,26.278,27.611,26.889,23.056,16.944,14.111,10.0
Arizona,1978,6.167,3.111,9.556,18.111,21.889,25.278,27.0,24.611,17.778,13.333,11.5,7.0
Arizona,1983,5.889,6.722,9.556,16.389,23.778,25.111,26.278,22.444,17.778,10.722,9.333,7.333
Arizona,1988,4.611,5.0,10.0,19.0,21.333,25.222,27.167,24.556,18.556,13.944,10.167,8.444
Arizona,1993,6.389,5.5,8.444,16.111,22.111,25.278,25.722,23.444,19.611,14.778,11.0,6.944
Arizona,1998,6.556,5.944,10.333,15.833,23.111,26.889,27.333,22.111,17.222,11.5,9.444,5.556
Arizona,2003,9.333,6.111,9.333,19.611,23.778,26.667,28.778,24.611,20.167,13.111,10.333,7.5
Arizona,2008,4.333,5.778,11.833,17.167,23.111,26.278,26.889,25.167,17.556,14.444,11.0,7.222
Arizona,2013,3.667,5.278,10.722,14.889,22.444,25.833,27.222,26.389,19.667,15.222,12.667,5.667
Arizona,2018,8.667,6.0,9.667,15.5,24.444,26.778,27.944,25.889,20.278,17.167,11.278,8.167
Arizona,2022,6.5,6.056,7.778,16.444,24.222,25.889,27.778,25.889,20.389,16.0,11.0,6.778
Arkansas,1978,-1.444,5.056,11.722,15.5,23.722,26.5,28.167,24.667,20.056,17.111,8.444,-0.167
Arkansas,1983,3.444,-1.111,10.556,17.222,22.722,28.167,26.944,23.333,18.889,12.444,10.0,6.5
Arkansas,1988,1.556,5.944,10.778,14.333,22.889,27.056,26.444,24.778,20.111,15.556,10.278,5.278
Arkansas,1993,4.111,5.833,7.778,14.833,21.444,27.389,28.444,24.667,19.444,13.5,9.444,5.167
Arkansas,1998,6.833,6.611,12.056,17.833,25.5,27.167,28.889,26.611,22.611,15.389,9.778,8.056
Arkansas,2003,2.667,5.722,12.556,17.111,21.222,27.111,26.667,22.833,20.889,16.5,10.667,4.5
Arkansas,2008,3.889,5.0,9.389,15.556,21.722,25.389,26.944,25.389,20.056,14.889,11.056,6.444
Arkansas,2013,5.611,4.5,8.611,16.389,24.111,25.778,25.556,25.056,19.556,14.722,8.111,6.278
Arkansas,2018,2.056,6.778,7.667,17.0,23.889,26.0,27.667,26.722,23.889,12.889,12.167,7.722
Arkansas,2022,3.778,6.278,9.889,16.333,23.222,26.333,28.944,25.611,21.611,15.5,11.167,5.667
California,1978,7.444,4.0,8.333,17.611,19.278,23.222,23.778,20.556,16.167,10.833,11.444,8.056
California,1983,6.778,7.333,9.556,16.333,21.667,23.167,22.167,19.722,16.278,9.889,9.222,8.222
California,1988,5.944,5.833,9.889,18.111,20.778,23.667,25.333,20.111,15.722,12.889,10.889,9.167
California,1993,5.167,6.167,9.333,16.333,20.833,22.889,22.333,20.0,16.833,12.889,11.611,6.667
California,1998,7.278,5.556,9.333,14.278,20.667,25.111,24.444,18.444,12.722,10.889,9.556,6.444
California,2003,10.0,6.667,8.222,18.556,22.722,23.889,25.944,21.778,16.667,10.0,10.778,7.611
California,2008,5.056,5.556,12.167,16.556,22.111,24.778,24.722,21.722,16.5,12.444,10.167,7.667
California,2013,5.611,6.722,11.056,14.722,20.722,23.556,25.556,22.444,17.667,14.556,12.111,7.389
California,2018,9.389,7.111,11.444,16.056,21.722,24.667,26.444,21.889,17.222,14.0,9.444,8.111
California,2022,8.111,6.222,8.056,17.833,23.111,25.722,25.333,22.278,16.833,13.278,11.722,8.889
Colorado,1978,-4.778,-7.556,1.056,8.889,14.667,17.889,20.333,16.778,9.944,7.111,3.0,-3.778
Colorado,1983,-2.333,-7.278,1.0,8.889,15.667,20.333,19.889,14.611,8.889,2.778,1.111,-0.833
Colorado,1988,-7.222,-3.667,1.389,9.833,13.5,19.389,19.944,18.389,11.333,6.556,0.389,-2.5
Colorado,1993,-4.611,-2.889,-1.556,7.111,12.944,17.722,18.889,15.667,11.444,5.611,2.278,-3.722
Colorado,1998,-2.111,-3.056,3.111,8.333,16.944,19.0,20.556,15.222,12.444,5.0,0.944,-1.389
Colorado,2003,-0.222,-1.889,0.556,10.833,13.722,20.222,22.444,15.611,12.111,7.389,2.556,-3.167
Colorado,2008,-6.167,-3.722,3.5,8.667,14.056,18.722,20.667,16.444,10.556,4.944,1.056,-2.444
Colorado,2013,-5.056,-4.611,1.778,6.778,15.944,19.444,20.278,18.667,11.556,4.333,1.667,-3.5
Colorado,2018,-1.278,-3.0,0.278,7.222,16.611,19.0,21.111,19.167,14.0,6.667,3.222,-1.889
Colorado,2022,-3.0,-3.556,-0.389,8.667,16.944,19.889,21.222,17.944,11.833,6.556,1.667,-3.889
Connecticut,1978,-4.833,-0.611,4.833,9.722,14.889,21.111,20.5,18.444,13.444,7.167,0.167,-6.667
Connecticut,1983,-2.778,-1.889,5.556,10.611,18.0,21.444,22.278,19.556,12.722,8.278,3.667,-1.389
Connecticut,1988,-5.333,-1.611,5.556,8.111,15.778,22.444,22.833,18.556,14.222,7.556,2.833,-2.111
Connecticut,1993,-1.5,-0.889,4.833,9.333,16.556,21.778,22.5,19.056,15.111,8.556,0.611,-4.944
Connecticut,1998,0.611,2.556,5.167,11.0,17.889,22.0,21.778,18.444,16.111,9.222,4.056,1.778
Connecticut,2003,-5.889,0.222,6.556,9.611,17.389,22.333,21.944,18.167,12.778,6.944,2.222,-4.556
Connecticut,2008,-1.278,0.111,4.722,10.0,17.389,19.889,22.944,20.333,12.833,9.778,2.5,-1.222
Connecticut,2013,-1.778,-0.556,4.333,11.889,16.333,20.389,24.389,19.833,14.556,8.5,2.222,-1.556
Connecticut,2018,-3.667,1.0,3.944,11.278,18.944,23.5,23.333,19.111,16.778,6.333,2.444,2.056
Connecticut,2022,-4.278,0.833,7.333,11.389,17.611,23.667,23.444,19.111,16.0,8.722,3.889,-0.722
Delaware,1978,-1.333,3.778,8.889,12.833,19.333,24.778,23.056,21.556,15.667,11.056,4.167,-4.389
Delaware,1983,1.444,1.667,8.5,14.222,20.278,24.333,25.0,21.722,16.222,10.556,7.333,1.444
Delaware,1988,-1.833,2.444,8.5,10.722,18.778,25.222,25.722,21.944,16.667,10.222,6.778,2.278
Delaware,1993,3.389,2.222,8.111,13.222,20.222,24.167,25.944,21.889,17.667,11.111,4.444,-0.056
Delaware,1998,5.333,5.556,8.389,14.167,21.778,24.0,24.444,21.833,18.222,12.889,7.611,5.167
Delaware,2003,-1.333,3.222,10.833,13.222,20.722,24.722,24.611,21.111,15.0,11.111,7.278,0.056
Delaware,2008,2.611,4.833,7.444,13.444,20.889,23.0,25.222,24.0,16.056,13.0,7.611,3.944
Delaware,2013,3.0,4.667,7.278,15.278,19.278,23.0,26.222,23.056,17.611,12.556,4.722,2.167
Delaware,2018,0.444,5.222,7.611,15.667,23.111,25.889,25.111,22.556,20.167,10.889,4.722,6.222
Delaware,2022,-0.167,3.222,9.889,13.222,20.722,25.556,26.111,22.444,18.278,11.833,8.444,4.0
Florida,1978,11.111,16.778,20.389,22.333,26.556,27.278,27.333,26.833,24.444,21.0,16.556,10.944
Florida,1983,12.778,14.722,17.556,23.111,25.5,27.889,27.889,26.0,23.5,19.0,16.167,14.333
Florida,1988,12.667,15.056,19.833,21.278,26.833,27.556,27.222,26.222,22.833,20.889,17.167,13.889
Florida,1993,17.5,13.444,18.611,22.889,26.611,27.889,28.056,26.889,23.222,18.833,16.889,14.5
Florida,1998,15.833,18.111,20.889,24.0,26.833,28.167,28.667,28.944,25.222,20.944,16.778,15.556
Florida,2003,11.222,13.389,20.333,23.056,26.056,27.278,27.444,26.722,25.611,20.778,21.0,16.222
Florida,2008,14.611,16.667,16.389,21.889,26.5,27.389,27.333,27.167,24.667,20.833,18.167,17.222
Florida,2013,17.778,18.167,19.5,23.333,26.667,27.889,27.111,27.278,23.333,21.889,15.056,16.556
Florida,2018,12.778,16.556,19.278,24.722,28.0,27.889,28.0,27.5,24.667,21.222,17.222,20.667
Florida,2022,14.167,16.333,20.889,22.056,26.667,28.222,28.389,27.778,25.389,22.111,20.278,17.278
Georgia,1978,3.444,9.111,15.444,17.444,24.611,26.111,26.778,25.556,21.278,17.889,11.556,4.667
Georgia,1983,5.722,6.778,12.0,18.278,22.222,27.333,27.222,23.722,20.889,14.722,12.111,8.5
Georgia,1988,5.111,8.5,13.722,15.611,23.389,26.778,26.333,24.667,20.278,17.389,12.833,8.056
Georgia,1993,10.167,7.611,12.111,17.778,24.278,26.722,28.389,25.611,20.944,15.0,11.444,8.111
Georgia,1998,9.722,11.667,15.333,19.333,24.5,26.389,28.0,27.167,23.389,16.889,12.056,10.167
Georgia,2003,5.722,6.833,15.222,18.0,22.833,26.222,25.944,24.5,22.056,17.056,15.0,9.389
Georgia,2008,7.222,10.944,10.778,16.889,23.667,26.056,26.5,26.333,21.278,17.0,13.0,10.444
Georgia,2013,11.389,10.667,11.778,18.333,23.611,25.556,25.667,25.444,20.222,17.167,10.111,9.333
Georgia,2018,5.833,10.111,11.778,20.222,26.556,26.333,26.778,26.278,23.167,15.889,12.5,15.111
Georgia,2022,7.722,9.5,14.222,16.722,23.333,26.389,27.389,26.722,22.944,17.222,15.0,11.556
Idaho,1978,-2.444,-8.0,-2.0,7.278,11.889,16.222,17.889,13.556,7.944,5.056,3.0,-1.333
Idaho,1983,-2.0,-8.167,0.778,7.333,12.222,19.056,16.556,13.111,9.0,3.222,2.222,-0.833
Idaho,1988,-6.056,-5.611,-0.5,10.778,12.5,17.889,19.389,16.611,9.833,6.833,1.0,-1.444
Idaho,1993,-7.167,-3.833,-3.0,7.278,12.556,15.389,13.444,12.0,12.111,4.222,1.667,-5.278
Idaho,1998,-2.278,-5.222,1.278,6.278,15.778,19.444,20.611,12.0,9.444,5.167,1.111,-1.444
Idaho,2003,-0.333,-2.167,-2.111,9.278,13.722,19.833,21.333,15.056,9.944,4.889,2.389,-2.722
Idaho,2008,-6.722,-5.222,2.833,6.944,13.056,18.222,19.167,13.5,9.389,2.389,-0.944,-2.444
Idaho,2013,-6.556,-6.056,1.0,5.611,13.944,19.778,20.889,15.167,10.556,4.5,1.722,-2.5
Idaho,2018,-0.889,-4.278,0.0,6.667,13.444,18.333,20.222,14.278,12.222,5.778,0.944,-3.222
Idaho,2022,-4.667,-5.167,-3.278,8.889,16.0,20.778,20.833,14.0,7.889,2.778,2.333,-4.222
Illinois,1978,-9.0,-1.611,6.278,11.333,21.167,22.778,23.944,22.222,16.0,11.5,0.889,-8.389
Illinois,1983,-1.778,-8.167,6.889,13.0,19.444,26.056,26.167,22.278,14.944,8.222,5.0,1.222
Illinois,1988,-4.889,-0.556,5.778,9.278,19.778,25.556,25.278,23.111,18.111,11.111,4.889,-3.389
Illinois,1993,-2.333,-0.333,4.222,11.0,16.444,23.833,24.778,21.389,17.333,9.556,2.667,-2.778
Illinois,1998,-0.111,1.722,7.556,13.667,21.611,23.778,24.111,22.111,19.667,11.444,4.778,4.444
Illinois,2003,-5.111,1.0,7.111,12.5,17.833,24.056,23.778,19.944,16.167,11.944,5.333,-3.111
Illinois,2008,-2.833,-2.889,5.056,12.333,19.5,22.111,23.611,22.889,15.0,10.778,3.889,-3.333
Illinois,2013,-1.556,-3.222,3.778,12.5,20.333,22.667,22.833,21.944,17.722,10.111,1.278,-1.167
Illinois,2018,-4.389,1.333,2.0,12.333,21.278,23.722,23.889,23.833,21.5,7.111,4.0,-0.111
Illinois,2022,-5.444,-1.0,6.056,11.833,19.444,23.111,24.278,23.056,18.5,9.778,6.167,-2.278
Indiana,1978,-8.389,-0.111,6.667,10.667,20.5,22.167,23.167,21.667,15.278,10.778,0.556,-9.278
Indiana,1983,-1.389,-6.389,6.833,12.722,19.111,25.111,25.389,21.667,14.389,8.278,5.333,1.0
Indiana,1988,-4.444,-0.722,5.889,8.389,18.611,24.556,24.667,22.278,17.278,10.333,4.611,-2.889
Indiana,1993,-0.944,-0.389,5.0,10.611,16.389,23.167,24.556,20.778,16.778,9.556,2.778,-3.111
Indiana,1998,1.556,2.444,7.167,13.222,20.889,23.167,23.111,21.722,19.111,11.333,5.167,4.111
Indiana,2003,-5.778,0.833,7.778,11.611,17.444,23.222,22.778,19.5,15.833,11.778,5.611,-3.5
Indiana,2008,-2.389,-1.611,4.722,12.056,19.778,21.778,22.944,22.333,14.5,11.278,3.667,-2.111
Indiana,2013,-1.167,-1.444,4.0,12.389,19.389,21.944,22.389,21.556,18.0,10.444,1.556,-1.0
Indiana,2018,-4.167,1.889,2.667,12.722,21.056,23.333,23.389,23.0,20.944,7.278,3.444,1.722
Indiana,2022,-4.222,-0.167,6.167,11.556,18.944,22.778,24.056,22.333,18.278,9.611,6.5,-1.222
Iowa,1978,-13.333,-7.056,1.667,9.889,19.722,21.778,22.611,21.0,15.333,9.0,-0.611,-11.222
Iowa,1983,-4.833,-13.556,3.111,10.556,17.889,25.611,25.111,20.889,13.278,5.889,2.167,-1.778
Iowa,1988,-9.111,-3.667,3.0,7.778,18.167,24.333,24.167,23.222,18.444,9.167,3.222,-7.389
Iowa,1993,-8.0,-3.611,1.0,9.556,14.111,22.0,22.167,19.389,15.111,7.222,-0.556,-7.278
Iowa,1998,-4.722,-1.444,4.833,11.722,20.111,22.722,23.222,19.5,18.333,9.833,0.444,1.556
Iowa,2003,-7.167,-2.111,2.167,11.333,16.167,23.389,22.833,19.611,14.389,10.222,1.722,-6.444
Iowa,2008,-8.556,-8.0,2.944,10.389,17.5,21.056,22.833,20.722,14.111,7.778,0.333,-8.333
Iowa,2013,-5.556,-8.111,1.056,10.278,19.444,22.167,22.389,20.5,15.0,6.556,-1.667,-4.333
Iowa,2018,-7.889,-2.222,-1.111,9.0,18.833,22.111,22.833,22.833,19.444,4.056,1.778,-6.389
Iowa,2022,-9.556,-5.944,2.833,10.222,18.389,22.222,23.444,22.0,16.278,6.556,2.778,-5.944
Kansas,1978,-7.167,-1.278,5.444,13.667,22.333,25.167,27.333,23.5,16.611,13.278,5.111,-6.0
Kansas,1983,-0.556,-8.889,6.5,14.222,21.722,28.778,27.389,21.278,15.222,8.222,5.444,1.944
Kansas,1988,-3.667,2.389,6.944,12.056,20.278,26.222,25.611,25.111,19.0,11.333,6.167,0.111
Kansas,1993,-4.0,1.944,3.5,12.0,17.5,24.944,25.333,22.0,16.833,10.0,5.0,-2.167
Kansas,1998,0.333,1.389,8.389,14.722,23.556,25.5,26.444,23.111,19.944,11.056,3.444,4.222
Kansas,2003,-0.111,1.833,5.667,14.611,18.389,26.778,27.667,21.333,17.167,13.389,6.778,-0.389
Kansas,2008,-1.111,-1.167,7.0,13.0,19.111,24.0,25.889,23.222,17.222,10.278,6.222,0.167
Kansas,2013,0.167,-1.556,5.167,12.889,22.278,24.722,25.111,24.0,17.389,9.111,4.611,0.889
Kansas,2018,-1.167,1.278,3.444,12.0,21.167,24.278,25.944,25.667,21.722,8.667,7.722,-0.056
Kansas,2022,-1.222,-0.778,5.056,14.278,22.222,26.167,27.222,24.333,18.111,12.278,6.667,-0.111
Kentucky,1978,-5.278,3.0,9.333,12.167,21.722,23.778,24.5,22.556,16.722,13.778,5.056,-4.889
Kentucky,1983,0.944,-1.611,8.167,14.667,20.556,26.278,25.611,21.833,16.111,10.167,7.778,3.167
Kentucky,1988,-1.0,2.778,8.167,10.0,19.833,25.333,25.222,22.444,17.556,12.667,7.444,1.556
Kentucky,1993,3.167,2.167,6.889,12.5,19.167,24.444,26.278,22.111,17.944,11.722,5.667,1.278
Kentucky,1998,4.889,4.833,9.056,15.111,22.778,24.111,24.444,23.056,19.944,12.5,8.056,5.778
Kentucky,2003,-2.0,2.778,10.278,13.722,19.0,24.389,24.0,20.389,17.889,14.278,9.333,0.889
Kentucky,2008,0.722,2.611,6.222,13.722,21.667,23.278,24.0,23.5,16.556,13.0,7.333,3.056
Kentucky,2013,2.611,3.0,6.0,14.222,20.611,23.167,23.333,22.722,18.278,12.889,4.111,2.667
Kentucky,2018,-1.111,4.722,5.5,14.944,22.833,24.333,24.778,24.167,22.111,10.389,6.722,7.0
Kentucky,2022,-0.389,3.167,8.222,12.778,20.056,24.111,25.667,23.389,19.778,12.444,9.444,3.556
Louisiana,1978,4.333,10.444,16.778,19.056,25.611,27.611,28.333,26.722,23.611,19.5,12.889,5.667
Louisiana,1983,8.167,6.667,14.5,19.722,23.889,28.111,27.944,25.056,22.0,16.222,13.167,10.333
Louisiana,1988,6.944,10.833,16.056,18.278,25.222,27.611,27.444,25.889,22.111,19.056,14.444,10.333
Louisiana,1993,10.444,10.278,12.444,19.167,25.5,28.667,28.222,26.556,21.722,16.611,13.444,11.0
Louisiana,1998,11.833,12.0,16.333,21.111,27.0,28.778,29.667,28.556,24.889,18.0,14.333,11.778
Louisiana,2003,7.556,9.667,16.611,19.889,24.444,28.056,27.389,26.444,24.667,19.278,14.778,10.389
Louisiana,2008,9.111,11.389,13.778,18.833,24.111,27.278,28.278,27.333,23.222,19.167,15.556,12.889
Louisiana,2013,11.389,9.778,12.778,20.333,26.611,27.778,27.056,27.167,22.056,18.111,12.944,12.333
Louisiana,2018,6.778,11.444,12.667,21.5,26.778,27.778,28.611,27.833,25.444,17.056,16.778,15.833
Louisiana,2022,9.0,12.278,14.5,19.0,25.167,27.667,28.833,28.167,25.0,19.667,14.944,10.722
Maine,1978,-10.611,-7.278,-0.778,5.944,10.667,17.833,18.556,15.722,12.0,2.333,-5.0,-10.722
Maine,1983,-8.0,-7.556,1.333,6.833,14.667,18.222,19.0,16.611,9.5,4.833,-1.0,-7.0
Maine,1988,-10.0,-8.222,1.944,5.278,12.222,18.722,19.778,15.333,11.833,4.222,-3.333,-8.278
Maine,1993,-9.389,-5.5,0.389,4.667,12.833,18.722,18.556,15.444,10.889,4.333,-4.111,-13.833
Maine,1998,-7.889,-3.222,0.944,7.333,13.722,18.222,18.944,15.389,13.611,5.222,-1.333,-4.333
Maine,2003,-12.667,-5.0,1.889,7.0,14.667,18.889,18.833,16.222,9.778,2.056,-4.333,-11.0
Maine,2008,-7.444,-6.556,1.667,6.778,13.444,17.278,19.833,16.222,10.0,5.278,-4.944,-7.5
Maine,2013,-9.0,-8.333,0.167,8.5,13.722,17.611,20.167,16.0,11.278,3.944,-0.944,-6.667
Maine,2018,-9.444,-6.444,-1.889,5.5,14.389,20.0,20.444,15.0,11.944,2.5,-1.722,-5.167
Maine,2022,-11.833,-2.444,3.0,9.5,13.944,19.556,19.833,15.611,12.444,4.778,-1.667,-7.111
Maryland,1978,-2.556,3.333,8.278,12.333,19.778,24.5,22.833,21.333,15.778,11.0,4.0,-4.222
Maryland,1983,0.833,0.389,8.0,13.667,19.833,24.389,24.722,21.5,15.889,10.167,7.0,1.333
Maryland,1988,-2.333,2.0,7.889,10.389,18.5,25.0,25.556,21.778,16.944,10.611,6.556,1.556
Maryland,1993,2.722,1.444,7.556,12.611,19.833,24.056,25.722,21.667,17.778,11.056,4.0,-0.333
Maryland,1998,4.611,5.389,8.167,13.889,21.944,23.944,24.111,21.444,18.5,12.833,7.167,4.722
Maryland,2003,-1.889,2.5,10.333,12.611,19.889,24.5,24.167,20.833,15.389,11.444,6.889,-0.556
Maryland,2008,2.056,3.667,6.889,12.889,20.444,22.556,24.556,23.5,15.778,13.111,7.111,2.889
Maryland,2013,2.389,3.667,6.278,14.5,18.889,22.444,25.444,22.611,17.111,12.444,4.278,1.389
Maryland,2018,-0.556,4.0,6.333,15.0,22.611,25.056,24.556,22.278,20.444,10.389,4.056,5.333
Maryland,2022,-0.611,2.5,9.333,12.556,20.278,24.833,25.389,22.278,18.111,11.722,8.111,3.611
Massachusetts,1978,-5.111,-1.556,4.111,9.056,14.056,20.444,20.333,18.056,13.389,6.222,-0.556,-7.111
Massachusetts,1983,-3.278,-2.556,5.278,10.111,17.611,20.833,21.889,19.056,12.333,7.667,2.944,-2.056
Massachusetts,1988,-5.722,-2.444,5.167,7.778,15.111,22.0,22.167,17.833,13.556,6.944,1.833,-2.889
Massachusetts,1993,-2.389,-1.389,4.5,8.778,16.0,21.056,21.556,18.278,14.333,7.667,-0.111,-6.222
Massachusetts,1998,-0.5,2.0,4.611,10.611,17.222,21.222,21.333,17.889,15.389,8.444,3.278,0.944
Massachusetts,2003,-7.222,-0.333,6.0,9.222,17.0,21.944,21.667,17.778,12.333,6.056,1.389,-5.111
Massachusetts,2008,-2.111,-0.333,4.389,9.5,16.889,19.556,22.444,19.667,12.333,8.833,1.444,-1.889
Massachusetts,2013,-2.5,-1.444,3.778,11.0,16.0,20.0,23.889,19.444,14.278,7.944,1.611,-2.0
Massachusetts,2018,-4.167,0.056,3.222,10.167,18.444,23.056,22.944,18.222,16.0,5.722,1.556,1.278
Massachusetts,2022,-4.722,0.611,7.0,11.389,16.889,23.278,22.944,18.611,15.444,8.333,3.389,-1.167
Michigan,1978,-9.389,-5.556,1.944,7.944,16.0,19.278,19.111,16.889,13.222,4.444,-3.889,-10.778
Michigan,1983,-5.278,-9.056,2.556,8.667,15.667,21.056,22.333,17.722,9.556,4.222,0.389,-3.0
Michigan,1988,-8.0,-4.611,3.0,5.833,14.778,21.0,21.944,18.833,14.056,6.167,-1.222,-8.333
Michigan,1993,-5.889,-3.833,1.0,7.056,12.222,20.167,20.611,16.333,12.167,4.667,-1.667,-7.833
Michigan,1998,-4.0,-1.222,4.0,10.056,17.0,20.556,20.444,17.667,15.778,7.611,0.444,0.0
Michigan,2003,-8.5,-1.889,3.167,8.111,15.278,20.444,19.889,16.722,11.556,5.222,-1.5,-8.722
Michigan,2008,-5.111,-6.222,2.056,8.222,15.889,19.167,20.167,18.222,10.667,7.611,-2.778,-7.667
Michigan,2013,-5.0,-7.056,1.222,9.333,15.278,19.222,20.444,17.667,13.611,4.167,-2.333,-6.167
Michigan,2018,-6.667,-1.833,-0.667,7.722,16.889,21.0,21.389,18.444,15.667,1.778,-1.333,-5.0
Michigan,2022,-9.222,-2.833,3.667,9.056,16.056,20.111,20.611,18.333,14.222,4.556,-0.556,-7.0
Minnesota,1978,-17.444,-13.556,-3.611,7.722,16.333,19.5,19.778,17.611,14.111,4.944,-4.167,-14.278
Minnesota,1983,-9.778,-18.222,-0.833,7.111,14.5,22.278,22.667,17.667,10.556,4.056,-1.444,-6.0
Minnesota,1988,-15.278,-9.722,-1.889,4.944,14.333,20.722,22.5,21.333,16.333,6.056,-2.111,-13.556
Minnesota,1993,-13.333,-9.0,-3.778,5.611,10.889,19.222,18.889,15.944,12.0,4.667,-3.611,-11.333
Minnesota,1998,-10.0,-7.0,-0.056,8.722,16.889,20.5,20.556,16.722,15.778,8.222,-2.5,-1.778
Minnesota,2003,-12.167,-6.333,-3.0,8.333,14.389,21.222,20.444,17.556,12.389,6.333,-3.444,-12.278
Minnesota,2008,-13.056,-13.944,-0.667,7.778,14.833,19.333,20.222,17.167,10.833,4.222,-4.722,-12.556
Minnesota,2013,-11.444,-15.0,-2.444,7.167,16.389,19.889,20.556,17.722,11.778,1.111,-6.333,-10.556
Minnesota,2018,-12.0,-6.556,-5.111,4.833,15.0,19.667,20.944,19.444,16.167,0.389,-2.5,-13.0
Minnesota,2022,-15.778,-10.778,-1.056,8.278,15.667,19.611,20.944,19.0,12.944,2.0,-3.278,-14.167
Mississippi,1978,1.889,8.167,15.056,17.0,24.889,26.778,27.722,25.889,21.722,18.222,10.722,3.333
Mississippi,1983,5.944,4.667,12.278,18.167,22.722,27.722,27.278,24.056,20.722,14.556,11.444,8.389
Mississippi,1988,4.5,8.389,14.0,15.611,24.167,27.222,26.778,25.389,20.833,17.667,12.444,7.722
Mississippi,1993,8.722,7.833,10.889,17.222,23.5,27.444,27.944,25.722,20.722,15.056,11.333,8.333
Mississippi,1998,9.278,10.056,14.444,19.778,26.0,27.444,28.278,27.556,23.389,16.778,12.722,9.944
Mississippi,2003,4.722,7.167,14.778,18.056,23.0,27.0,26.5,24.778,22.778,17.944,13.556,8.167
Mississippi,2008,6.389,9.056,11.111,17.0,23.389,25.833,27.333,26.222,21.722,17.222,13.5,10.056
Mississippi,2013,9.5,8.167,10.611,18.556,25.0,26.444,26.0,26.056,20.5,16.722,10.222,9.444
Mississippi,2018,4.5,9.444,10.278,19.667,26.056,26.833,27.667,27.0,24.333,14.944,13.944,13.833
Mississippi,2022,6.778,10.056,12.778,17.111,23.778,26.722,28.278,27.333,23.889,17.778,13.944,9.333
Missouri,1978,-7.0,0.444,7.556,12.722,22.222,24.167,26.0,22.889,17.167,13.556,3.5,-5.833
Missouri,1983,-0.167,-7.444,7.944,14.333,20.778,27.722,26.556,22.056,16.111,9.056,6.611,2.889
Missouri,1988,-2.389,1.889,7.389,10.833,20.278,25.889,25.167,24.0,19.0,12.611,6.778,-1.0
Missouri,1993,-1.333,1.778,4.667,11.944,17.389,25.222,25.778,22.222,17.444,10.667,4.778,-0.722
Missouri,1998,1.833,2.444,9.111,14.778,23.0,24.889,25.556,23.111,20.667,12.222,5.056,5.111
Missouri,2003,-2.556,2.333,7.944,14.0,18.222,26.0,25.611,20.667,17.5,13.722,7.0,-0.444
Missouri,2008,-0.667,-0.556,6.5,13.167,19.556,23.278,24.778,23.056,16.889,11.222,6.222,-0.556
Missouri,2013,1.0,-0.944,5.444,13.278,21.5,23.667,23.889,22.778,17.444,11.167,3.5,1.333
Missouri,2018,-2.222,2.667,3.111,13.556,21.833,24.667,25.667,25.222,22.5,9.0,6.667,2.0
Missouri,2022,-2.0,0.611,6.778,13.333,20.833,24.667,26.556,24.056,18.833,11.722,7.833,0.333
Montana,1978,-12.222,-10.778,-5.556,7.0,13.0,16.667,17.5,14.778,9.556,5.333,-0.667,-8.722
Montana,1983,-3.0,-15.889,-0.333,7.056,11.167,20.944,18.444,14.222,9.0,3.722,0.889,-0.611
Montana,1988,-8.111,-4.944,-0.778,8.167,12.111,18.444,19.944,19.944,12.611,6.722,0.889,-4.222
Montana,1993,-11.0,-3.167,-3.778,6.111,10.889,15.389,14.0,13.222,12.056,5.278,1.333,-9.389
Montana,1998,-7.222,-6.0,0.611,6.778,16.333,20.056,20.611,12.444,11.5,6.5,-1.722,-0.889
Montana,2003,-4.056,-3.833,-4.444,8.611,12.556,21.111,21.278,14.667,10.056,6.722,-1.222,-5.889
Montana,2008,-7.722,-10.0,2.111,6.5,12.0,18.667,19.167,13.722,9.778,3.111,-0.444,-4.333
Montana,2013,-5.722,-8.667,-0.889,4.889,14.889,19.611,19.722,15.0,11.056,2.722,-0.833,-2.556
Montana,2018,-5.722,-3.889,-1.0,5.333,11.667,18.056,19.333,15.111,13.167,3.278,-2.056,-11.444
Montana,2022,-5.056,-9.611,-5.222,8.389,15.944,20.944,20.556,14.722,9.167,1.778,0.833,-5.278
Nebraska,1978,-11.167,-7.5,0.889,10.444,19.222,21.833,23.667,20.778,14.333,9.278,1.611,-9.222
Nebraska,1983,-2.5,-13.389,2.611,10.889,18.333,25.889,24.611,19.056,12.333,5.444,2.444,0.333
Nebraska,1988,-8.111,-0.833,3.556,9.389,17.167,23.333,23.444,23.778,16.722,9.0,3.444,-3.611
Nebraska,1993,-7.667,-1.167,-0.111,9.389,14.278,21.5,21.556,18.5,14.5,7.5,2.167,-7.167
Nebraska,1998,-3.0,-1.5,4.778,10.944,20.611,23.0,24.056,18.333,16.611,8.556,-0.111,1.778
Nebraska,2003,-2.833,-0.833,1.5,12.556,16.167,24.167,24.667,18.944,14.111,10.278,3.722,-3.889
Nebraska,2008,-5.944,-5.944,3.833,10.111,16.778,21.889,23.889,19.722,13.5,7.0,3.0,-3.222
Nebraska,2013,-3.611,-5.111,2.222,9.333,20.0,23.222,22.889,20.444,14.722,5.833,1.556,-1.778
Nebraska,2018,-5.0,-2.167,0.833,8.444,18.722,21.556,23.0,22.333,17.667,5.111,3.611,-5.722
Nebraska,2022,-3.556,-5.222,1.333,11.222,19.722,23.889,24.667,21.889,14.833,8.056,3.333,-2.889
Nevada,1978,1.167,-3.111,2.389,12.444,14.889,20.778,22.0,17.5,11.556,7.111,7.0,2.111
Nevada,1983,1.056,0.611,3.889,11.222,17.5,20.833,20.389,17.0,11.778,5.167,4.556,2.389
Nevada,1988,-2.333,-1.611,4.056,14.444,16.389,21.778,23.889,19.222,12.611,9.111,4.778,2.167
Nevada,1993,-3.111,-0.389,1.833,10.722,16.833,20.333,19.778,16.111,14.611,8.333,6.667,-0.889
Nevada,1998,1.778,-0.889,4.167,8.833,17.167,22.889,23.222,15.389,10.0,6.611,4.611,0.833
Nevada,2003,4.833,0.722,2.167,13.889,18.222,22.444,25.0,19.889,13.889,6.778,5.944,1.167
Nevada,2008,-2.444,-1.111,6.889,11.111,17.722,22.889,23.5,18.556,12.333,7.333,4.556,1.444
Nevada,2013,-3.333,-2.0,5.278,8.944,16.944,22.0,24.611,20.333,13.611,9.111,7.056,0.722
Nevada,2018,3.611,0.0,4.111,10.167,18.333,22.889,25.0,19.889,14.278,10.0,4.167,0.944
Nevada,2022,1.167,-0.333,1.111,12.389,19.778,23.389,24.556,19.389,12.444,8.444,6.278,1.444
New Hampshire,1978,-8.778,-5.611,0.833,6.778,11.778,18.389,19.056,16.444,12.722,3.389,-3.444,-10.444
New Hampshire,1983,-6.722,-6.222,2.222,7.667,15.389,18.944,19.889,17.444,10.611,5.556,0.278,-5.0
New Hampshire,1988,-8.778,-6.556,2.167,5.722,12.778,19.778,20.611,15.833,12.667,5.167,-1.444,-6.444
New Hampshire,1993,-6.111,-4.278,1.556,6.111,13.5,19.111,19.611,16.333,12.278,6.0,-2.833,-11.111
New Hampshire,1998,-4.889,-1.056,2.278,8.444,14.778,19.056,19.389,16.333,14.222,6.556,0.389,-2.333
New Hampshire,2003,-11.389,-4.333,3.0,7.167,14.778,19.944,19.778,16.944,11.111,3.722,-2.0,-8.722
New Hampshire,2008,-5.556,-4.222,1.944,7.222,14.667,17.667,20.167,17.722,10.778,6.667,-2.611,-5.444
New Hampshire,2013,-6.556,-5.444,0.667,8.889,14.111,18.222,21.444,17.333,12.722,5.556,-0.667,-4.944
New Hampshire,2018,-7.611,-4.056,-0.444,7.222,16.167,20.667,21.056,16.333,14.056,3.333,-0.944,-2.778
New Hampshire,2022,-9.5,-2.0,4.167,9.222,14.5,21.0,20.389,16.5,14.0,5.889,0.0,-4.667
New Jersey,1978,-3.056,1.944,7.333,11.5,17.444,23.333,22.0,20.222,14.333,9.333,2.444,-5.278
New Jersey,1983,-0.278,-0.111,7.167,12.5,19.278,23.556,24.278,20.778,14.778,9.611,5.611,0.333
New Jersey,1988,-3.889,0.556,7.389,9.611,17.444,24.111,24.722,20.444,15.611,9.167,5.167,0.167
New Jersey,1993,1.722,1.0,6.611,11.333,18.389,23.111,24.611,20.722,16.611,10.167,2.556,-2.0
New Jersey,1998,3.778,4.444,7.056,12.889,20.111,23.389,23.556,20.278,17.389,11.333,6.222,3.944
New Jersey,2003,-3.111,1.944,9.167,11.611,19.389,23.944,23.611,19.667,13.833,9.167,5.167,-2.111
New Jersey,2008,1.278,2.556,6.5,11.889,19.667,21.833,24.444,22.778,14.389,11.667,5.389,1.778
New Jersey,2013,1.056,2.222,6.056,13.944,18.0,21.889,25.444,21.778,16.056,10.833,3.667,0.444
New Jersey,2018,-1.556,3.222,5.833,13.556,21.222,24.889,24.556,21.167,18.444,8.889,3.5,4.111
New Jersey,2022,-1.889,2.0,8.722,12.222,19.778,25.111,25.5,21.056,17.333,10.611,6.611,2.0
New Mexico,1978,1.167,-0.222,6.5,13.0,17.556,21.222,23.667,21.444,15.222,12.111,7.722,2.111
New Mexico,1983,1.222,0.667,6.389,12.944,19.889,22.5,22.778,19.167,14.0,7.667,6.333,3.167
New Mexico,1988,-0.556,0.833,6.556,13.778,16.944,21.222,22.111,20.722,15.389,10.556,6.056,3.944
New Mexico,1993,2.667,1.889,4.444,11.5,17.556,21.389,23.111,20.667,15.833,11.222,7.222,3.444
New Mexico,1998,2.833,2.722,7.611,13.0,20.5,21.944,23.5,21.056,16.556,9.056,6.167,2.944
New Mexico,2003,4.556,2.667,7.0,14.944,18.889,23.056,24.889,20.667,17.333,11.611,7.278,3.667
New Mexico,2008,0.278,2.667,7.0,12.722,17.611,21.667,22.222,22.167,15.667,10.889,7.167,4.222
New Mexico,2013,0.0,1.389,5.944,11.444,18.889,22.389,22.778,23.389,16.444,11.444,8.111,2.278
New Mexico,2018,2.778,2.0,5.111,12.167,19.389,22.778,23.944,23.5,18.611,12.833,8.444,5.167
New Mexico,2022,2.0,2.944,4.556,12.222,20.056,22.167,24.611,22.556,18.222,12.944,6.944,1.722
New York,1978,-8.389,-3.5,2.556,7.778,13.611,19.667,19.667,17.0,13.056,4.556,-3.056,-10.5
New York,1983,-5.444,-5.611,3.056,9.111,16.056,19.944,20.944,18.0,11.111,5.5,1.333,-3.889
New York,1988,-7.111,-4.222,3.944,6.556,14.111,20.556,21.667,16.556,13.556,6.167,-0.389,-5.778
New York,1993,-4.278,-4.167,2.444,7.556,14.222,19.889,20.889,16.889,12.889,6.778,-2.444,-9.5
New York,1998,-2.5,0.444,3.611,9.667,16.167,20.0,19.833,17.611,15.778,7.778,1.556,-1.0
New York,2003,-9.667,-2.5,4.722,7.889,15.833,20.611,20.056,17.0,12.111,5.167,-0.167,-7.611
New York,2008,-3.389,-3.056,2.444,8.0,15.944,18.222,20.611,19.222,10.944,9.111,-1.5,-4.722
New York,2013,-4.278,-3.667,1.333,10.444,14.611,18.778,21.778,17.778,14.0,6.333,-0.778,-4.833
New York,2018,-7.167,-1.944,0.722,8.722,17.556,21.333,21.778,17.444,15.556,3.222,-1.167,-1.444
New York,2022,-9.0,-1.722,4.944,9.444,15.833,21.111,20.944,17.667,14.722,6.556,0.944,-4.556
North Carolina,1978,0.833,6.167,12.0,14.222,22.111,25.0,24.5,23.0,18.056,14.833,8.167,0.722
North Carolina,1983,3.389,4.111,9.889,15.556,21.0,25.556,25.5,22.056,18.278,12.111,10.056,4.833
North Carolina,1988,1.333,4.833,10.389,12.0,20.389,25.667,24.944,22.222,18.167,13.889,9.556,5.0
North Carolina,1993,6.444,4.333,10.111,14.944,22.056,24.611,27.056,23.556,19.5,13.0,8.056,4.444
North Carolina,1998,6.833,8.333,11.0,16.111,22.889,24.722,25.778,24.333,20.222,14.722,9.667,7.556
North Carolina,2003,2.444,4.611,13.167,14.944,20.778,25.167,24.778,22.5,18.778,14.222,11.556,5.222
North Carolina,2008,4.5,7.833,8.444,14.333,21.556,24.167,24.778,25.056,18.222,14.833,10.556,7.889
North Carolina,2013,6.722,7.444,8.778,15.944,20.778,23.556,25.0,23.5,18.389,14.833,6.667,5.444
North Carolina,2018,2.167,7.222,9.111,16.944,24.556,25.167,25.111,24.889,22.0,13.389,7.944,11.056
North Carolina,2022,3.667,5.389,11.778,14.111,21.278,24.722,26.111,23.889,20.444,14.889,11.889,7.778
North Dakota,1978,-19.778,-13.944,-6.0,7.444,16.222,19.667,19.889,17.278,14.056,5.167,-4.056,-15.0
North Dakota,1983,-7.278,-19.222,-1.222,6.667,13.222,23.222,22.333,17.111,10.0,3.611,-2.5,-5.0
North Dakota,1988,-13.722,-9.0,-2.833,5.889,13.111,20.611,22.278,23.389,15.611,6.722,-1.444,-11.167
North Dakota,1993,-14.5,-8.722,-4.333,5.444,11.222,18.056,16.889,14.889,12.333,5.167,-2.111,-12.444
North Dakota,1998,-12.0,-8.111,-1.778,7.444,16.889,21.444,21.222,15.444,13.833,8.278,-5.667,-2.333
North Dakota,2003,-11.833,-6.5,-6.889,8.833,13.778,22.333,21.056,16.667,11.833,7.167,-5.111,-12.889
North Dakota,2008,-12.444,-15.0,-1.389,6.889,13.722,20.333,20.667,16.0,10.778,4.444,-3.056,-12.056
North Dakota,2013,-11.444,-15.0,-3.222,5.333,16.667,20.333,20.167,17.389,11.889,-0.389,-8.0,-8.444
North Dakota,2018,-11.222,-6.222,-5.056,3.944,12.778,19.778,20.722,19.667,15.667,0.722,-4.056,-14.778
North Dakota,2022,-12.944,-14.0,-4.889,7.778,16.111,20.833,21.444,18.111,11.611,0.889,-2.833,-12.5
Ohio,1978,-7.778,0.0,6.111,10.0,19.944,21.889,22.167,20.667,14.833,9.611,0.389,-9.111
Ohio,1983,-1.722,-4.556,6.222,12.056,18.5,23.778,24.167,20.611,13.778,8.333,5.278,0.556
Ohio,1988,-3.944,-0.722,6.0,8.0,17.444,23.556,24.278,20.667,16.167,9.444,3.833,-2.333
Ohio,1993,0.111,-0.611,5.222,10.389,16.778,22.889,23.722,20.0,15.778,9.333,2.111,-3.056
Ohio,1998,2.0,2.722,6.611,12.333,20.0,22.611,22.222,20.611,18.333,10.667,5.444,3.722
Ohio,2003,-5.833,0.444,8.0,10.667,17.111,22.556,22.0,18.889,15.278,11.111,5.0,-3.667
Ohio,2008,-1.611,-0.556,4.389,11.111,19.444,21.333,22.389,21.556,13.889,11.611,2.667,-2.0
Ohio,2013,-0.833,0.0,3.889,12.389,18.056,21.222,22.5,20.833,17.333,10.333,1.667,-1.556
Ohio,2018,-3.889,1.722,3.0,12.389,20.889,23.111,23.222,21.889,20.0,7.278,2.444,2.556
Ohio,2022,-4.444,0.389,6.667,11.111,18.444,22.333,23.389,21.444,17.667,9.278,6.222,-0.667
Oklahoma,1978,-3.167,2.833,9.778,16.722,24.889,27.278,29.778,25.111,19.611,16.889,8.444,-1.667
Oklahoma,1983,2.778,-3.5,10.222,16.889,23.667,29.222,27.722,22.778,18.167,11.778,8.556,5.0
Oklahoma,1988,0.333,5.444,10.056,14.722,22.389,27.778,27.222,25.333,20.222,14.222,9.056,4.222
Oklahoma,1993,1.722,5.333,6.611,14.167,20.889,27.833,28.556,24.5,18.944,13.278,8.667,3.611
Oklahoma,1998,4.667,4.778,11.333,17.556,26.444,28.111,29.944,26.611,22.222,13.889,7.944,7.111
Oklahoma,2003,2.889,5.667,10.167,17.111,20.556,28.167,28.5,22.944,20.389,16.056,9.833,3.5
Oklahoma,2008,3.5,3.667,10.111,15.611,21.167,26.167,27.611,25.667,20.278,14.333,10.444,5.111
Oklahoma,2013,4.278,1.778,8.111,15.778,24.333,26.833,26.444,25.611,19.444,12.611,8.611,5.056
Oklahoma,2018,2.556,4.889,6.944,15.611,23.278,26.611,28.167,27.0,23.944,12.333,11.667,5.0
Oklahoma,2022,2.833,4.5,8.5,16.667,24.444,28.111,30.333,26.389,21.444,16.167,10.278,3.611
Oregon,1978,1.722,-2.722,0.778,10.0,12.889,17.278,18.222,14.5,9.0,6.0,6.333,2.889
Oregon,1983,2.111,-2.278,4.167,9.444,13.222,18.5,16.222,13.222,11.056,5.444,5.0,3.5
Oregon,1988,-1.111,-0.333,3.222,13.0,14.5,18.0,19.056,14.667,10.056,7.889,4.167,3.056
Oregon,1993,-3.222,0.722,0.889,10.333,15.056,16.556,14.222,13.0,12.5,6.222,4.944,-1.444
Oregon,1998,1.889,-1.056,3.611,8.222,16.667,19.722,20.444,13.667,8.944,6.778,4.389,2.111
Oregon,2003,3.889,1.167,1.611,11.167,16.111,19.222,21.167,16.222,10.667,5.444,5.278,1.667
Oregon,2008,-1.944,-1.0,5.778,9.333,15.222,18.444,19.056,13.667,10.889,4.611,2.5,2.111
Oregon,2013,-1.278,-1.278,4.111,7.889,14.611,19.167,20.778,15.222,11.389,7.0,4.944,1.722
Oregon,2018,3.056,0.167,4.056,9.333,14.111,19.167,20.556,14.722,13.0,7.222,3.556,0.667
Oregon,2022,1.5,-1.0,0.667,12.278,16.944,21.444,20.889,14.5,8.778,4.556,5.444,2.111
Pennsylvania,1978,-6.556,-0.944,4.944,9.111,16.833,21.333,20.278,18.389,13.611,7.556,-0.056,-8.222
Pennsylvania,1983,-2.667,-3.778,5.0,10.611,16.889,21.833,21.889,19.0,12.722,7.333,3.722,-1.222
Pennsylvania,1988,-5.722,-1.556,5.222,7.556,15.444,22.167,23.111,18.389,14.611,7.944,2.889,-2.889
Pennsylvania,1993,-0.889,-1.778,4.333,9.167,15.889,21.222,22.389,18.778,14.833,8.556,0.444,-4.722
Pennsylvania,1998,1.278,2.222,5.278,11.0,18.167,21.222,20.889,18.667,16.889,9.722,4.222,2.111
Pennsylvania,2003,-6.333,-0.722,7.056,9.167,16.5,21.611,20.944,17.778,13.389,8.778,2.889,-4.556
Pennsylvania,2008,-1.556,-0.722,3.833,9.389,17.444,19.333,21.667,20.444,12.222,10.667,2.0,-2.389
Pennsylvania,2013,-1.667,-0.667,3.0,11.889,16.111,19.778,22.611,19.667,14.944,9.278,1.0,-2.556
Pennsylvania,2018,-4.944,0.833,2.611,11.278,19.278,22.278,22.0,19.222,17.778,6.222,0.556,1.278
Pennsylvania,2022,-5.278,-0.778,6.0,9.667,17.222,21.889,22.389,19.5,15.833,8.333,4.056,-1.278
Rhode Island,1978,-4.0,0.444,5.333,10.333,15.0,21.222,20.556,18.556,13.333,7.222,0.611,-5.667
Rhode Island,1983,-1.722,-0.556,6.611,11.222,18.778,21.444,22.556,19.611,12.444,8.222,3.944,-0.667
Rhode Island,1988,-4.0,-0.5,6.5,8.611,16.222,22.667,22.444,18.222,13.667,7.444,3.222,-1.056
Rhode Island,1993,-1.056,0.111,5.944,10.056,17.111,21.833,22.167,19.056,15.0,8.389,1.222,-4.222
Rhode Island,1998,1.278,3.167,5.889,11.5,18.167,22.0,22.0,18.278,15.444,9.111,4.389,2.222
Rhode Island,2003,-4.722,1.5,7.333,10.389,18.111,22.778,22.056,17.889,12.222,6.778,2.667,-3.778
Rhode Island,2008,-0.167,1.556,5.556,10.667,17.722,20.222,23.278,20.556,13.0,9.611,3.278,-0.111
Rhode Island,2013,-0.889,0.556,5.167,12.222,16.722,20.611,24.667,20.0,14.722,8.722,2.833,-1.0
Rhode Island,2018,-2.444,1.833,5.0,11.5,19.167,23.944,23.222,18.833,16.333,6.889,2.944,3.167
Rhode Island,2022,-2.778,1.889,8.167,12.389,17.444,23.889,23.611,19.056,15.667,9.111,4.778,0.222
South Carolina,1978,3.0,8.444,14.556,16.556,24.0,26.389,26.667,25.111,20.611,17.333,10.778,3.722
South Carolina,1983,4.944,6.556,11.444,17.611,22.5,27.333,27.389,23.889,20.611,14.056,11.778,7.278
South Carolina,1988,3.778,7.278,12.778,14.389,22.722,27.0,26.5,24.0,20.111,16.5,12.111,7.333
South Carolina,1993,9.0,6.722,12.167,17.222,24.056,26.556,29.0,25.556,21.111,14.667,10.556,7.222
South Carolina,1998,8.944,10.889,14.056,18.444,24.056,26.333,27.944,26.778,22.722,16.667,11.5,9.667
South Carolina,2003,5.278,6.111,14.778,17.333,22.444,26.5,26.111,24.444,21.222,16.167,13.889,8.111
South Carolina,2008,6.611,10.556,10.167,16.278,23.222,26.167,26.556,26.722,20.556,16.5,12.611,10.389
South Carolina,2013,10.111,9.944,10.833,17.889,23.056,25.222,26.0,25.222,19.944,16.722,9.111,8.111
South Carolina,2018,4.778,9.222,11.056,19.389,26.333,26.667,26.778,26.778,23.222,15.556,11.111,14.111
South Carolina,2022,6.5,7.833,13.889,16.056,23.222,26.167,27.389,26.0,22.722,16.833,14.278,11.056
South Dakota,1978,-16.278,-10.056,-2.444,9.222,18.556,21.278,21.778,18.889,13.833,6.556,-1.0,-12.556
South Dakota,1983,-3.778,-16.667,0.167,8.833,16.0,25.056,24.0,18.0,11.333,4.389,0.333,-1.111
South Dakota,1988,-10.389,-4.444,0.667,8.056,15.444,22.667,23.944,24.056,16.222,8.0,1.278,-7.444
South Dakota,1993,-10.556,-4.667,-2.111,7.778,12.778,20.0,19.278,16.444,13.389,6.222,0.278,-10.167
South Dakota,1998,-7.056,-3.556,2.222,9.111,19.389,22.333,23.0,16.5,15.167,8.278,-3.111,0.389
South Dakota,2003,-6.778,-3.0,-2.444,11.0,15.556,23.778,23.556,17.722,12.778,8.833,0.056,-7.333
South Dakota,2008,-8.778,-9.944,1.222,8.444,15.722,21.778,22.611,17.667,11.667,5.611,0.111,-7.167
South Dakota,2013,-7.0,-10.278,0.056,6.833,18.778,22.0,22.111,18.5,13.278,2.722,-2.167,-4.556
South Dakota,2018,-7.722,-3.722,-1.5,6.222,16.389,21.056,22.333,20.722,16.722,2.611,-0.889,-11.333
South Dakota,2022,-7.111,-9.333,-1.611,9.667,18.556,22.889,23.667,19.833,13.0,4.278,0.778,-6.667
Tennessee,1978,-2.889,4.333,11.222,13.278,22.611,24.667,25.444,23.278,18.222,15.278,7.278,-1.722
Tennessee,1983,2.333,0.5,8.833,15.611,20.944,26.444,25.722,22.111,17.444,10.944,8.889,4.778
Tennessee,1988,0.444,4.222,9.611,11.333,20.944,25.667,25.111,23.167,18.056,14.0,9.167,3.222
Tennessee,1993,4.944,4.0,7.833,13.778,20.167,25.167,26.944,23.056,18.556,12.556,7.278,3.556
Tennessee,1998,5.889,6.278,10.389,16.444,23.556,24.667,25.556,24.333,20.833,13.778,9.111,6.889
Tennessee,2003,0.111,3.833,11.556,14.722,20.056,25.056,24.556,21.444,19.167,15.222,10.722,3.611
Tennessee,2008,2.444,4.667,7.333,14.389,21.778,24.0,24.889,24.111,18.222,14.0,9.333,5.667
Tennessee,2013,5.0,4.667,7.111,15.278,21.5,23.722,23.778,23.444,18.333,13.778,5.944,4.889
Tennessee,2018,0.5,5.944,6.889,16.111,23.833,24.722,25.611,24.722,22.389,11.611,9.0,9.167
Tennessee,2022,2.0,4.889,9.444,13.556,20.778,24.611,26.722,24.278,20.556,13.722,10.889,5.444
Texas,1978,3.5,7.556,13.611,18.611,24.167,27.222,29.222,26.778,23.333,19.889,13.0,4.889
Texas,1983,6.667,3.556,14.167,19.722,24.833,28.222,27.778,24.833,21.5,15.944,12.833,9.167
Texas,1988,5.556,9.167,14.5,19.056,24.222,27.833,27.278,25.722,21.833,17.778,13.444,9.111
Texas,1993,7.5,9.556,10.556,18.0,23.889,28.278,28.389,26.111,21.444,17.222,13.333,9.611
Texas,1998,10.333,9.0,14.722,20.278,26.389,27.944,30.222,28.833,25.111,17.222,12.778,10.611
Texas,2003,7.889,9.5,14.444,19.667,23.278,28.278,27.833,25.833,24.333,19.222,14.0,9.056
Texas,2008,7.833,9.0,13.778,18.556,22.944,27.111,27.611,28.278,23.5,18.5,14.667,11.778
Texas,2013,8.833,7.111,11.611,19.278,25.667,28.5,27.389,27.667,22.5,17.222,14.0,10.944
Texas,2018,6.556,9.056,11.056,18.556,24.556,28.333,29.167,28.833,25.556,17.222,16.5,11.278
Texas,2022,7.667,10.0,12.222,19.111,25.444,28.5,30.611,28.722,25.5,20.444,13.889,7.667
Utah,1978,-1.222,-6.167,1.5,11.167,15.222,20.222,22.167,18.111,11.278,7.667,5.667,0.111
Utah,1983,-1.222,-2.667,2.556,10.222,17.111,21.333,21.111,16.833,10.722,4.556,3.722,0.833
Utah,1988,-5.611,-3.556,2.611,13.0,15.333,21.222,23.389,20.333,12.667,8.5,2.556,-0.667
Utah,1993,-3.556,-2.389,0.056,8.889,15.833,19.889,19.944,16.333,14.0,7.389,4.667,-2.167
Utah,1998,-0.111,-2.778,3.333,8.778,17.222,22.0,23.111,15.556,12.056,6.333,3.389,-0.278
Utah,2003,1.778,-0.944,1.167,12.778,16.778,22.611,25.111,18.889,14.111,7.667,4.611,-0.556
Utah,2008,-5.111,-2.778,4.944,10.222,16.611,22.0,23.389,18.333,11.556,6.167,2.889,-0.833
Utah,2013,-6.833,-4.944,3.333,8.0,16.333,21.667,23.667,20.667,13.333,7.222,5.0,-2.444
Utah,2018,0.444,-2.556,1.667,8.611,18.778,22.444,24.5,20.611,14.611,9.444,4.0,0.111
Utah,2022,-1.444,-2.222,0.111,10.444,19.222,22.333,24.111,19.778,12.667,7.944,4.5,-1.444
Vermont,1978,-10.0,-6.0,0.389,6.278,11.222,17.944,18.667,16.167,12.944,2.611,-4.556,-12.278
Vermont,1983,-7.556,-7.389,1.389,7.222,14.833,18.333,19.222,17.0,10.167,4.556,-0.722,-6.278
Vermont,1988,-9.222,-7.222,1.611,5.333,12.333,19.222,20.278,15.056,12.722,5.111,-2.667,-7.556
Vermont,1993,-6.889,-5.722,0.833,5.833,12.944,18.722,19.278,15.556,11.611,5.444,-3.778,-12.667
Vermont,1998,-5.722,-1.556,1.944,8.167,14.333,18.389,18.667,16.556,14.5,6.222,-0.389,-3.278
Vermont,2003,-12.5,-5.667,2.5,6.722,14.667,19.611,19.167,16.5,11.056,3.389,-2.333,-9.889
Vermont,2008,-5.833,-5.056,1.5,6.722,14.722,17.278,19.444,17.611,10.0,7.111,-3.444,-6.389
Vermont,2013,-7.444,-5.889,-0.111,8.778,13.611,17.833,20.944,16.667,12.833,4.889,-1.389,-5.833
Vermont,2018,-8.611,-5.0,-1.111,6.944,15.889,20.222,20.667,15.611,13.611,2.278,-2.111,-3.611
Vermont,2022,-11.222,-2.667,3.667,8.889,14.389,20.278,19.722,16.389,13.944,5.222,-0.667,-6.111
Virginia,1978,-2.333,4.0,9.333,12.333,20.611,24.0,22.944,21.5,16.222,12.389,5.389,-2.444
Virginia,1983,1.111,1.167,8.0,13.444,19.5,24.389,24.167,21.111,16.222,10.444,7.833,2.278
Virginia,1988,-1.389,2.5,7.944,10.0,18.444,24.611,24.444,21.0,16.833,11.778,7.5,2.444
Virginia,1993,3.778,1.889,7.944,12.667,20.222,23.722,25.667,21.667,17.889,11.556,5.167,1.556
Virginia,1998,4.833,5.889,8.556,14.111,22.0,23.667,24.056,22.056,18.611,13.111,7.444,5.278
Virginia,2003,-0.5,2.667,10.833,12.889,19.278,24.167,23.611,20.5,16.5,12.611,8.889,1.556
Virginia,2008,2.222,4.556,6.722,12.667,20.111,22.389,23.667,23.333,16.278,13.278,8.222,4.611
Virginia,2013,3.611,4.611,6.5,14.222,19.056,22.111,24.222,22.333,16.944,13.333,4.5,2.667
Virginia,2018,-0.111,4.278,6.556,15.0,22.667,24.0,23.944,22.833,20.944,11.222,5.111,7.333
Virginia,2022,0.5,2.944,9.444,12.167,19.944,23.722,24.944,22.333,18.389,12.889,9.444,4.889
Washington,1978,-0.278,-3.444,-0.111,8.667,12.833,17.0,18.111,15.611,9.889,7.111,5.167,2.222
Washington,1983,2.0,-5.167,4.222,8.056,12.278,18.333,16.0,13.778,12.222,7.222,5.722,3.278
Washington,1988,-1.611,-0.444,3.389,11.278,14.056,17.667,17.778,14.056,10.889,8.278,4.222,2.333
Washington,1993,-4.222,0.278,0.333,10.056,14.667,16.944,14.889,13.944,13.889,7.0,3.944,-1.222
Washington,1998,0.0,-1.0,4.222,8.333,16.778,19.333,20.556,14.889,11.611,7.778,5.0,3.167
Washington,2003,2.278,-0.222,0.722,10.333,15.556,18.833,19.722,16.0,10.722,7.0,5.0,1.889
Washington,2008,-2.556,-3.222,4.556,8.111,14.333,17.778,18.0,13.444,11.722,4.889,2.778,1.889
Washington,2013,-1.611,-2.111,2.611,7.833,15.389,19.0,19.556,14.833,11.944,7.056,4.556,1.944
Washington,2018,1.889,0.611,3.667,8.556,13.5,18.889,19.722,14.556,14.222,7.389,3.778,0.222
Washington,2022,-0.333,-3.167,0.056,12.056,16.444,21.0,20.0,14.444,9.111,4.889,5.278,0.944
West Virginia,1978,-5.722,1.444,7.389,10.333,19.611,22.333,21.611,19.778,14.667,10.889,3.333,-6.167
West Virginia,1983,-0.889,-1.556,6.222,12.056,17.556,22.889,22.5,19.611,14.222,8.833,5.833,0.889
West Virginia,1988,-3.111,0.556,6.389,8.0,17.278,23.333,23.167,19.278,15.389,10.333,5.5,0.0
West Virginia,1993,2.389,0.389,6.111,10.889,18.111,22.389,23.667,19.778,16.0,10.111,3.222,-0.611
West Virginia,1998,3.111,3.556,6.667,12.444,19.833,22.0,22.0,20.0,17.444,11.333,5.889,3.889
West Virginia,2003,-3.611,0.444,8.778,11.056,17.556,22.444,21.778,18.389,15.444,11.889,7.222,-0.833
West Virginia,2008,-0.667,1.778,4.444,11.0,19.167,20.389,21.444,20.944,13.944,12.444,5.611,1.444
West Virginia,2013,1.056,2.222,4.389,12.611,17.722,20.667,22.444,20.667,15.833,11.611,2.444,0.167
West Virginia,2018,-2.778,2.611,4.444,12.944,21.333,22.444,22.5,21.111,19.944,8.722,3.333,5.389
West Virginia,2022,-2.611,1.333,7.167,10.167,17.889,22.056,22.778,20.389,17.222,10.444,7.0,1.889
Wisconsin,1978,-13.5,-9.778,-0.667,7.722,16.556,19.444,19.389,17.5,13.611,5.222,-3.333,-12.278
Wisconsin,1983,-7.389,-13.944,1.222,8.333,15.056,21.667,22.667,18.056,9.944,4.167,-0.278,-3.778
Wisconsin,1988,-12.333,-7.333,1.056,5.111,15.167,21.611,22.444,20.111,15.278,6.667,-0.833,-10.778
Wisconsin,1993,-9.389,-5.778,-1.0,6.722,11.389,19.944,19.944,16.389,12.667,4.333,-2.0,-8.444
Wisconsin,1998,-6.5,-3.667,2.889,9.444,17.278,20.5,20.778,17.5,16.056,8.333,-0.389,-0.222
Wisconsin,2003,-10.167,-4.0,0.5,8.222,15.222,21.167,20.222,17.278,12.111,5.889,-1.611,-10.167
Wisconsin,2008,-9.611,-10.722,0.722,8.167,15.833,19.167,20.556,18.0,11.111,6.056,-3.667,-10.444
Wisconsin,2013,-8.444,-11.167,-0.667,8.167,16.0,19.778,20.5,17.722,12.889,3.222,-4.5,-8.333
Wisconsin,2018,-9.333,-3.833,-2.611,6.444,16.222,20.278,21.0,19.167,16.667,0.833,-1.278,-8.833
Wisconsin,2022,-12.611,-7.167,1.833,8.444,15.722,19.722,20.778,18.611,14.0,3.944,-1.389,-9.5
Wyoming,1978,-8.5,-11.667,-4.444,6.611,12.444,16.056,18.056,14.222,7.889,4.889,0.389,-6.722
Wyoming,1983,-3.222,-12.722,-1.944,7.056,12.667,20.0,18.556,13.389,6.944,1.222,0.0,-2.5
Wyoming,1988,-8.5,-5.944,-1.611,8.556,11.889,18.222,20.222,19.111,10.444,5.667,-1.556,-4.5
Wyoming,1993,-8.722,-5.056,-4.5,5.111,10.833,15.778,14.944,12.389,10.444,3.556,0.0,-8.889
Wyoming,1998,-5.167,-5.944,0.611,6.222,15.5,18.444,20.0,11.333,10.222,4.167,-2.0,-3.111
Wyoming,2003,-2.222,-4.0,-4.0,8.333,11.611,20.056,21.222,13.389,9.889,5.944,0.0,-6.556
Wyoming,2008,-8.778,-7.278,1.833,6.056,11.556,18.0,19.444,13.556,8.222,2.056,-2.0,-4.778
Wyoming,2013,-6.722,-7.722,-0.389,4.056,14.056,19.278,19.889,15.944,10.222,1.5,-0.389,-5.222
Wyoming,2018,-3.833,-5.833,-1.889,5.0,14.0,17.556,19.611,15.778,11.611,4.278,0.167,-7.056
Wyoming,2022,-5.0,-7.0,-3.944,7.0,15.389,19.667,20.556,15.0,8.222,2.333,0.0,-6.222
Alaska,1978,-10.667,-12.111,-8.333,-4.444,5.889,11.167,11.889,8.278,4.167,-3.056,-10.167,-12.111
Alaska,1983,-18.333,-12.222,-8.722,-5.556,2.667,8.722,12.0,10.111,4.0,-2.944,-10.444,-13.556
Alaska,1988,-13.556,-12.333,-14.833,-6.333,4.389,9.889,12.5,10.111,4.611,-4.0,-10.111,-12.833
Alaska,1993,-16.0,-11.167,-9.0,-1.167,4.278,10.056,13.778,10.833,5.667,-0.889,-8.5,-11.889
Alaska,1998,-17.444,-15.667,-9.444,-2.556,5.333,8.722,12.667,9.944,4.0,-0.778,-6.556,-12.0
Alaska,2003,-12.111,-15.222,-9.556,-0.167,3.889,10.333,11.944,10.667,3.556,-2.333,-11.667,-8.611
Alaska,2008,-17.556,-14.444,-12.444,-7.278,5.111,9.111,10.667,9.333,3.944,-5.0,-10.778,-16.833
Alaska,2013,-12.333,-13.889,-10.167,1.111,4.222,10.778,12.778,12.167,1.778,-8.5,-11.667,-14.278
Alaska,2018,-14.056,-12.722,-7.167,1.0,6.833,9.778,13.111,10.0,4.111,-2.889,-7.778,-10.778
Alaska,2022,-15.778,-13.667,-8.667,-1.833,6.056,10.056,11.889,11.5,4.389,-3.833,-8.5,-13.0
Northeast,1978,-7.5,-2.889,3.111,8.222,14.333,20.167,19.889,17.556,13.278,5.556,-1.778,-9.111
Northeast,1983,-4.556,-4.667,3.833,9.444,16.444,20.5,21.167,18.389,11.722,6.5,2.056,-3.222
Northeast,1988,-6.889,-3.778,4.222,7.0,14.5,21.111,22.056,17.333,13.778,6.667,0.667,-4.611
Northeast,1993,-3.667,-3.056,3.111,7.944,15.0,20.444,21.278,17.667,13.556,7.222,-1.222,-8.056
Northeast,1998,-1.833,0.722,3.944,9.944,16.722,20.389,20.444,17.778,15.778,8.222,2.333,-0.222
Northeast,2003,-8.556,-2.0,5.333,8.556,16.222,21.0,20.556,17.5,12.222,6.056,0.5,-6.667
Northeast,2008,-3.167,-2.278,3.222,8.667,16.333,18.833,21.278,19.333,11.667,9.0,-0.222,-3.667
Northeast,2013,-3.889,-3.0,2.222,10.833,15.333,19.222,22.222,18.5,14.0,7.278,0.389,-3.722
Northeast,2018,-6.111,-1.5,1.389,9.444,17.889,21.833,21.944,17.889,15.778,4.778,-0.056,-0.667
Northeast,2022,-7.444,-1.0,5.389,10.0,16.278,21.611,21.722,18.167,14.944,7.278,2.111,-3.167
East North Central Region,1978,-13.833,-9.444,-0.5,8.222,17.056,19.944,20.167,18.167,14.111,5.778,-3.111,-12.333
East North Central Region,1983,-7.111,-14.167,1.278,8.5,15.667,22.611,23.111,18.5,10.778,4.556,0.056,-3.889
East North Central Region,1988,-11.611,-6.667,0.944,5.778,15.5,21.778,22.722,20.944,16.056,6.889,-0.444,-10.389
East North Central Region,1993,-9.611,-5.889,-1.0,7.056,12.0,20.222,20.222,16.889,12.889,5.167,-2.111,-9.0
East North Central Region,1998,-6.722,-3.722,2.611,9.889,17.722,21.0,21.167,17.722,16.444,8.444,-0.722,-0.278
East North Central Region,2003,-9.778,-3.889,0.333,8.944,15.167,21.5,20.778,17.778,12.611,6.833,-1.444,-9.722
East North Central Region,2008,-9.5,-10.167,1.056,8.556,15.889,19.667,20.889,18.389,11.556,6.167,-2.944,-10.0
East North Central Region,2013,-8.0,-10.833,-0.444,8.556,16.722,20.222,20.944,18.333,13.111,3.5,-4.0,-7.667
East North Central Region,2018,-9.278,-3.889,-2.667,6.778,16.556,20.667,21.444,19.944,16.889,1.611,-1.0,-8.778
East North Central Region,2022,-12.222,-7.111,1.5,8.944,16.389,20.333,21.389,19.444,14.222,4.0,-0.889,-9.667
Central Region,1978,-6.778,0.889,7.778,11.667,21.333,23.222,24.167,22.056,16.333,12.389,2.944,-6.5
Central Region,1983,-0.389,-4.778,7.389,13.667,19.778,25.833,25.5,21.667,15.389,9.111,6.389,2.167
Central Region,1988,-2.778,1.111,7.056,9.611,19.389,25.056,24.889,22.5,17.667,11.667,6.111,-0.889
Central Region,1993,0.444,1.056,5.5,11.667,17.667,24.056,25.222,21.5,17.222,10.5,4.111,-0.833
Central Region,1998,2.556,3.278,8.222,14.111,21.889,23.833,24.111,22.333,19.667,11.944,6.056,4.944
Central Region,2003,-3.5,1.778,8.667,12.833,18.222,24.222,23.833,20.056,16.889,12.944,7.111,-1.0
Central Region,2008,-0.778,0.222,5.667,12.667,20.111,22.5,23.667,22.778,15.778,11.944,5.556,0.056
Central Region,2013,0.778,0.222,5.0,13.278,20.167,22.667,23.111,22.111,17.667,11.389,2.944,0.778
Central Region,2018,-2.611,2.889,3.778,13.556,21.889,23.944,24.389,23.722,21.556,8.722,5.333,3.556
Central Region,2022,-2.5,1.167,7.167,12.278,19.722,23.556,25.056,23.0,18.778,11.056,7.722,0.778
Southeast Region,1978,3.389,9.111,14.833,16.889,24.0,25.944,26.0,24.778,20.556,17.111,10.833,3.944
Southeast Region,1983,5.944,6.833,12.056,17.944,22.278,26.722,26.611,23.5,20.167,14.333,11.722,7.944
Southeast Region,1988,4.833,8.111,13.389,15.111,22.833,26.5,26.0,24.056,19.889,16.556,12.222,7.722
Southeast Region,1993,9.778,7.222,12.222,17.389,23.611,26.167,27.667,24.889,20.667,14.889,10.833,7.667
Southeast Region,1998,9.444,11.278,14.389,18.889,24.389,26.111,27.111,26.222,22.389,16.667,11.833,9.889
Southeast Region,2003,5.056,7.056,15.111,17.556,22.556,26.0,25.722,24.0,21.278,16.667,14.444,8.667
Southeast Region,2008,7.222,10.389,10.778,16.722,23.278,25.444,26.0,25.833,20.611,16.833,12.833,10.333
Southeast Region,2013,10.333,10.333,11.778,18.278,23.056,25.111,25.611,25.0,20.0,17.0,9.556,8.944
Southeast Region,2018,5.389,9.833,11.667,19.611,25.889,26.167,26.389,25.833,23.056,15.667,11.556,14.167
Southeast Region,2022,6.944,9.0,14.167,16.5,23.111,26.056,27.056,25.778,22.333,17.056,14.5,10.778
West North Central Region,1978,-13.056,-10.778,-3.833,7.944,15.278,18.611,19.722,16.722,11.333,6.056,-0.611,-9.944
West North Central Region,1983,-3.722,-15.444,-0.222,7.944,13.778,22.556,21.0,15.889,9.667,3.556,0.333,-1.556
West North Central Region,1988,-9.389,-5.0,-0.333,8.111,13.611,20.222,21.611,21.611,13.889,7.056,0.5,-5.778
West North Central Region,1993,-10.444,-4.278,-3.111,6.611,11.778,17.611,16.722,14.667,12.389,5.444,0.5,-9.5
West North Central Region,1998,-6.778,-5.167,1.222,7.833,17.444,20.778,21.556,14.278,13.0,6.889,-2.333,-0.944
West North Central Region,2003,-5.056,-3.611,-3.444,9.611,13.667,22.0,22.167,15.889,11.389,7.556,-0.5,-7.0
West North Central Region,2008,-8.5,-9.5,1.667,7.389,13.556,19.833,20.778,15.667,10.5,4.167,-0.5,-5.833
West North Central Region,2013,-6.611,-9.056,-0.444,5.833,16.444,20.667,20.722,17.056,12.0,2.5,-1.611,-4.167
West North Central Region,2018,-6.333,-4.333,-1.556,5.722,14.222,19.278,20.722,18.056,14.556,3.278,-0.778,-10.056
West North Central Region,2022,-6.278,-8.944,-3.222,8.722,16.889,21.444,21.889,17.278,10.889,3.222,0.5,-6.389
South Region,1978,0.611,5.722,12.111,17.222,24.111,26.833,28.722,25.833,21.444,18.111,10.667,1.944
South Region,1983,4.889,0.778,12.111,18.167,23.778,28.389,27.611,23.889,19.889,13.889,10.889,7.389
South Region,1988,3.222,7.5,12.611,16.722,23.389,27.444,26.944,25.5,21.0,16.278,11.556,6.778
South Region,1993,5.111,7.5,8.944,16.389,22.444,27.611,27.944,25.167,20.222,15.111,11.0,6.722
South Region,1998,7.889,7.5,13.222,18.889,25.944,27.556,29.278,27.389,23.611,15.778,10.667,9.056
South Region,2003,5.278,7.333,12.667,18.278,22.111,27.833,27.611,24.5,22.389,17.611,12.111,6.611
South Region,2008,5.611,6.667,11.667,17.0,22.167,26.278,27.333,26.722,21.667,16.389,12.556,8.722
South Region,2013,7.0,5.278,9.944,17.667,24.889,27.222,26.611,26.444,20.889,15.278,11.0,8.278
South Region,2018,4.389,7.444,9.222,17.444,24.167,27.167,28.222,27.722,24.556,14.778,14.0,9.111
South Region,2022,5.444,7.611,10.722,17.667,24.444,27.667,29.611,27.333,23.389,17.944,12.222,6.222
Southwest Region,1978,0.556,-2.278,5.0,13.0,17.556,21.278,23.444,20.5,13.833,10.333,7.167,1.556
Southwest Region,1983,1.111,-0.278,5.167,12.333,19.333,22.444,22.667,18.444,13.111,6.667,5.333,2.889
Southwest Region,1988,-1.778,0.0,5.444,14.056,16.944,21.833,23.222,21.111,14.722,10.056,5.111,2.667
Southwest Region,1993,0.667,0.833,3.167,11.167,17.333,21.222,22.167,19.333,15.444,10.056,6.556,1.556
Southwest Region,1998,2.056,1.111,6.389,11.778,19.667,22.556,23.722,18.833,14.833,8.167,5.222,1.944
Southwest Region,2003,4.111,1.778,4.889,14.778,18.5,23.278,25.389,20.111,16.167,10.222,6.444,2.222
Southwest Region,2008,-1.278,0.889,7.056,12.444,18.0,22.278,23.333,20.833,14.111,9.444,5.889,2.389
Southwest Region,2013,-1.611,-0.278,5.722,10.556,18.611,22.444,23.556,22.5,15.5,9.889,7.167,0.833
Southwest Region,2018,2.889,0.944,4.444,11.167,19.944,22.889,24.444,22.5,17.111,11.833,7.056,3.278
Southwest Region,2022,1.333,1.167,3.333,12.111,20.222,22.667,24.556,21.778,16.167,11.222,6.278,1.056
Northwest Region,1978,-0.222,-4.722,-0.389,8.722,12.556,16.889,18.056,14.5,8.889,6.0,4.889,1.278
Northwest Region,1983,0.722,-5.056,3.0,8.333,12.611,18.667,16.278,13.333,10.667,5.167,4.278,2.0
Northwest Region,1988,-2.944,-2.167,2.0,11.778,13.722,17.889,18.833,15.167,10.222,7.611,3.111,1.333
Northwest Region,1993,-4.833,-0.944,-0.556,9.222,14.111,16.278,14.167,12.944,12.778,5.778,3.556,-2.667
Northwest Region,1998,0.0,-2.444,3.0,7.611,16.389,19.556,20.5,13.444,9.833,6.5,3.444,1.222
Northwest Region,2003,2.0,-0.333,0.111,10.278,15.167,19.333,20.833,15.778,10.444,5.667,4.222,0.222
Northwest Region,2008,-3.722,-3.056,4.444,8.167,14.278,18.167,18.833,13.556,10.611,3.944,1.444,0.5
Northwest Region,2013,-3.111,-3.111,2.667,7.111,14.611,19.333,20.444,15.111,11.278,6.167,3.778,0.333
Northwest Region,2018,1.389,-1.222,2.556,8.222,13.722,18.778,20.222,14.556,13.056,6.778,2.722,-0.778
Northwest Region,2022,-1.056,-3.0,-0.833,11.056,16.5,21.111,20.667,14.333,8.556,4.056,4.333,-0.333
West Region,1978,4.889,1.056,5.889,15.5,17.5,22.222,23.056,19.278,14.278,9.333,9.611,5.611
West Region,1983,4.444,4.556,7.222,14.222,19.944,22.222,21.444,18.611,14.444,7.944,7.278,5.833
West Region,1988,2.556,2.778,7.5,16.611,19.0,22.889,24.722,19.778,14.444,11.333,8.333,6.278
West Region,1993,1.778,3.444,6.222,14.0,19.167,21.833,21.278,18.389,15.944,11.0,9.556,3.556
West Region,1998,5.0,2.889,7.222,12.056,19.222,24.222,23.944,17.222,11.611,9.111,7.556,4.111
West Region,2003,7.889,4.222,5.722,16.667,20.889,23.278,25.556,21.0,15.556,8.667,8.778,4.944
West Region,2008,2.0,2.833,10.0,14.333,20.278,24.0,24.222,20.444,14.778,10.333,7.889,5.111
West Region,2013,1.944,3.111,8.722,12.333,19.167,22.944,25.167,21.556,16.0,12.333,10.0,4.667
West Region,2018,7.0,4.167,8.389,13.667,20.333,23.944,25.833,21.056,16.0,12.333,7.278,5.111
West Region,2022,5.222,3.5,5.222,15.611,21.722,24.778,25.0,21.111,15.0,11.278,9.5,5.833
National,1978,-3.411,-1.222,5.261,12.45,18.8,22.111,23.222,20.522,15.411,10.878,5.172,-2.228
National,1983,0.622,-3.628,6.128,12.778,18.661,23.922,23.328,19.5,14.411,8.339,5.778,2.7
National,1988,-2.339,0.811,6.272,12.2,18.111,23.15,23.772,21.6,16.228,11.011,5.778,0.939
National,1993,-0.85,1.222,4.011,11.65,17.389,22.161,22.311,19.561,16.05,9.95,5.439,-0.478
National,1998,1.661,1.972,7.172,12.85,20.55,23.35,24.161,20.072,16.928,10.589,5.189,3.728
National,2003,0.45,1.828,5.75,13.639,18.311,23.7,24.15,20.028,16.1,11.05,6.278,0.439
National,2008,-0.961,-0.072,6.622,12.211,18.45,22.378,23.378,20.889,15.2,10.222,5.478,1.5
National,2013,0.139,-0.522,5.339,11.911,19.422,22.772,23.45,21.328,16.028,9.822,4.95,1.539
National,2018,0.089,1.95,4.45,12.061,19.739,23.061,24.139,21.972,18.622,9.461,5.961,1.95
National,2022,-0.461,0.6,4.928,12.911,20.011,23.65,24.672,21.55,16.611,10.361,6.711,0.928
