1968,1973,1978,1983,1988,1993,1998,2003,2008,2013,2018,2022
-3.111,-3.333,0.5,-1.0,-2.0,1.278,-0.444,1.444,-2.167,-3.556,0.667,-1.0
2.722,0.556,0.944,1.0,0.833,1.333,-0.278,1.167,0.056,-1.778,0.611,-1.444
2.722,0.889,4.833,3.222,1.5,3.389,2.056,2.889,2.5,4.278,3.444,2.722
4.667,3.889,5.333,3.278,5.833,6.056,3.556,4.778,5.389,6.667,8.278,7.0
9.222,10.167,8.833,8.722,9.556,10.889,8.5,11.111,8.778,10.889,11.111,11.056
14.444,14.444,15.0,13.167,15.833,14.056,12.833,15.389,15.667,16.889,16.5,17.222
18.0,18.0,18.389,18.333,19.278,17.5,19.333,20.278,19.5,20.167,20.167,20.333
15.889,17.333,17.0,17.944,18.167,17.833,19.222,19.333,18.944,18.556,19.222,19.056
12.944,12.333,14.0,16.444,12.778,13.278,15.389,15.5,15.0,15.056,16.167,16.722
7.667,6.889,10.0,9.5,10.722,8.389,7.722,11.278,8.278,6.444,9.278,8.944
2.167,1.722,3.556,2.722,2.389,1.0,2.389,2.389,4.0,3.611,1.667,0.111
-4.278,-2.0,-3.0,0.611,-2.222,-2.111,-1.389,-1.278,-0.667,-1.722,-0.667,-0.444
-1.611,-1.667,-6.0,-1.389,-3.778,-0.778,2.333,-3.222,-1.889,0.333,-3.722,-3.0
-2.889,-0.667,-5.0,1.167,-1.111,-0.778,2.667,-0.333,0.5,0.778,2.222,-1.056
3.556,7.611,2.222,3.944,3.444,3.667,4.389,4.167,4.5,2.056,5.667,3.944
9.778,9.0,10.222,6.722,8.056,7.778,8.722,9.5,8.556,8.167,6.111,9.222
13.5,12.389,13.889,12.889,12.333,13.667,16.222,15.278,13.889,13.722,17.667,15.833
18.778,18.333,18.444,17.167,16.833,19.167,20.667,17.389,19.722,19.278,20.667,19.5
19.722,20.667,21.222,20.833,20.556,22.222,22.667,20.944,20.611,19.389,21.667,22.556
20.167,18.722,19.611,21.111,20.667,21.278,20.889,21.167,20.0,20.0,20.444,21.0
13.5,18.111,17.722,15.278,16.444,14.778,19.167,15.056,16.278,17.111,19.0,16.111
8.5,12.0,7.111,10.389,7.833,8.278,11.333,10.222,8.611,10.722,11.556,8.5
3.5,7.0,5.667,4.722,4.111,1.778,6.611,6.944,3.056,2.778,2.056,3.944
-1.556,-0.444,-1.0,-5.389,-0.389,0.222,1.444,-0.056,-1.167,-0.778,2.0,1.444
-0.5,-0.5,3.444,1.722,0.722,0.556,2.667,4.333,0.333,-0.556,3.944,1.889
4.778,2.889,3.222,3.611,1.778,1.944,2.333,1.833,1.5,0.611,1.222,1.556
3.667,1.889,6.0,4.722,3.278,5.778,3.667,4.278,3.056,5.0,3.444,4.611
4.722,5.0,5.111,4.056,6.111,6.167,4.444,4.111,4.611,7.056,6.833,6.056
8.333,10.0,8.389,8.833,8.111,9.778,6.889,9.222,9.056,10.056,10.056,9.111
12.778,13.333,12.389,12.0,12.389,12.222,11.389,13.556,13.056,14.222,13.5,14.222
15.889,15.333,15.389,14.056,17.0,14.389,16.222,17.5,16.5,17.444,18.389,17.278
14.167,14.667,15.056,15.889,15.389,14.722,16.5,16.0,16.444,15.444,16.556,17.833
12.222,11.722,11.889,14.333,12.333,12.222,13.389,14.278,13.5,13.111,13.389,15.556
8.0,7.5,9.444,9.611,10.056,9.278,7.0,10.333,8.667,6.944,9.056,10.222
4.444,4.0,2.222,4.667,4.5,2.556,3.722,2.722,6.056,4.556,4.833,1.778
-0.778,2.222,-1.667,3.111,0.167,0.444,-0.5,1.778,0.222,0.0,2.056,1.278
-12.556,-13.556,-10.667,-8.889,-13.944,-10.667,-8.722,-7.389,-13.111,-12.722,-9.056,-10.667
-8.889,-10.556,-9.889,-7.444,-9.833,-9.722,-7.444,-9.722,-9.444,-10.778,-9.0,-11.667
-6.389,-5.667,-4.222,-4.722,-7.278,-4.722,-6.333,-4.5,-6.611,-6.111,-4.833,-6.167
-3.667,-3.944,-0.444,-3.778,-1.556,-1.556,-2.444,-0.333,-3.389,-3.333,-1.444,-1.889
2.056,2.889,2.778,1.833,3.444,3.944,4.111,4.278,2.389,3.556,5.778,3.611
8.111,7.333,8.611,7.111,10.222,7.444,6.722,7.611,7.5,9.389,10.056,9.611
11.0,10.611,11.444,11.722,11.444,10.5,12.889,13.111,11.944,12.333,12.667,13.278
9.444,10.444,9.222,12.5,11.278,10.222,11.0,11.944,11.056,11.611,10.722,11.944
4.222,5.167,6.0,7.0,5.278,4.667,8.556,5.111,5.833,8.722,8.056,8.333
0.222,0.278,0.111,0.889,1.389,-0.389,1.111,2.0,0.5,-0.611,0.556,0.611
-6.889,-5.278,-5.333,-5.611,-5.5,-8.556,-3.444,-5.944,-3.778,-5.278,-6.667,-7.889
-11.889,-10.222,-14.111,-12.722,-10.944,-9.889,-10.333,-9.056,-10.444,-11.778,-10.0,-10.5
-11.389,-7.111,-9.667,-7.444,-11.111,-6.0,-3.5,-10.278,-6.333,-6.556,-8.722,-9.667
-10.444,-8.167,-12.333,-6.667,-7.5,-10.611,-2.833,-9.5,-6.111,-5.833,-3.0,-6.722
-2.333,0.056,-5.333,-0.778,-3.056,-4.556,-1.333,-4.389,-2.944,-2.222,-2.0,-1.667
2.333,3.278,1.111,2.889,2.222,2.778,2.944,1.056,2.833,2.222,0.667,2.778
6.333,7.0,7.556,7.056,8.222,8.111,9.556,6.944,6.333,7.778,10.444,10.111
12.556,14.5,11.722,12.556,11.5,12.444,13.333,12.833,14.333,14.056,13.222,13.0
15.778,16.0,14.278,15.5,16.889,16.0,15.833,16.056,17.333,19.5,17.5,17.222
13.944,16.444,16.0,15.222,16.722,15.722,15.889,17.222,13.778,14.722,18.5,17.722
10.556,10.111,8.5,10.889,9.167,11.333,11.611,12.167,11.889,10.167,14.5,12.056
6.056,4.278,3.278,5.056,2.278,3.278,5.333,3.778,3.722,5.778,6.278,5.667
-0.389,0.333,-0.5,0.333,0.0,-1.111,-0.056,1.444,0.056,-1.222,-0.222,1.667
-7.722,-4.111,-5.667,-6.611,-6.944,-5.611,-2.889,-4.556,-4.833,-5.167,-3.444,-4.111
-6.667,-3.333,-5.5,-2.889,-6.778,-0.889,0.611,-5.611,-2.333,-1.778,-4.889,-5.222
-6.5,-4.333,-9.333,-3.278,-2.944,-5.222,0.722,-4.389,-2.0,-2.278,0.944,-2.111
1.0,3.444,-0.944,2.611,0.722,-0.389,2.5,1.222,1.611,-0.056,0.0,2.556
4.778,6.111,4.778,5.0,4.778,5.167,6.722,5.444,7.167,6.389,4.889,6.111
9.333,10.222,10.167,10.222,10.778,11.5,12.556,10.056,9.833,12.111,14.5,13.222
15.667,18.111,15.333,15.667,15.111,16.0,16.444,15.944,17.833,17.778,17.389,16.444
18.556,18.611,17.611,18.333,19.722,20.278,18.556,19.444,19.389,21.444,19.778,20.889
18.167,18.889,19.889,18.222,19.944,18.444,18.111,19.667,16.722,18.0,20.778,20.0
12.778,14.722,13.0,13.833,12.889,14.722,15.611,15.611,15.389,13.167,19.111,15.056
8.944,7.889,5.944,8.889,4.389,7.111,8.167,7.111,7.278,9.889,10.556,7.889
3.889,2.889,3.833,2.944,2.556,2.0,2.0,5.111,2.944,1.722,3.0,4.0
-3.556,-1.222,-1.889,-3.111,-2.944,-2.278,0.222,-1.722,-0.611,-0.333,0.611,-2.111
7.278,8.889,5.222,6.833,7.111,12.5,10.222,4.056,8.5,11.778,6.722,8.0
4.611,6.5,4.944,8.667,7.111,8.333,9.722,9.667,10.5,10.167,15.111,10.833
8.056,13.889,10.167,10.333,10.833,10.778,10.667,15.611,11.556,7.944,10.222,13.778
15.0,13.611,13.778,12.444,14.056,11.889,14.778,14.389,14.389,15.722,14.611,15.889
17.5,17.167,18.278,17.167,16.0,17.0,18.611,19.889,18.333,17.222,19.444,19.444
20.833,20.889,21.389,20.722,20.389,20.944,22.444,21.944,21.333,22.389,22.333,22.222
21.611,22.0,22.222,22.167,21.889,22.333,23.222,22.444,22.222,22.611,23.056,23.389
21.833,21.611,21.944,22.5,22.389,22.167,22.889,22.611,22.889,23.056,22.944,23.222
20.222,21.778,20.889,20.278,22.111,21.167,22.611,21.111,21.556,21.722,23.167,21.667
16.167,16.889,16.333,17.722,14.778,17.333,18.444,17.556,16.222,17.778,19.333,15.778
9.333,13.722,14.222,11.389,13.944,12.778,15.278,14.389,9.722,14.278,13.556,15.889
6.222,7.444,10.611,9.0,8.278,6.778,12.333,6.556,10.444,12.5,11.111,10.556
-0.222,1.5,-2.0,0.222,-0.5,5.056,4.0,-0.778,1.222,5.278,-0.667,1.333
-1.833,0.556,-1.556,2.611,0.944,2.056,4.333,3.167,2.833,3.056,9.389,4.444
3.667,9.722,4.444,5.833,5.667,5.167,5.778,9.278,5.333,3.333,5.556,7.611
10.889,9.444,9.944,7.722,10.056,7.444,10.444,10.444,10.167,10.333,8.556,9.556
13.667,13.056,14.722,14.056,12.556,14.111,16.778,16.278,14.333,13.889,17.056,16.278
18.056,19.056,19.111,17.611,17.111,19.056,20.167,18.833,19.389,20.111,20.333,20.056
20.0,20.667,20.611,20.667,20.222,21.556,22.056,20.833,20.333,21.056,21.444,21.944
20.167,19.611,20.222,20.722,20.833,20.5,20.167,21.111,20.722,20.667,20.889,21.111
16.056,19.056,18.167,16.111,18.333,17.722,18.833,16.778,17.944,18.0,20.889,17.167
11.222,11.722,9.611,11.944,8.667,11.278,12.278,11.444,10.333,12.0,14.0,8.889
4.222,7.111,8.556,4.833,7.167,5.444,8.944,8.056,3.778,5.333,6.0,8.0
-0.5,1.833,2.222,0.833,1.111,1.444,5.944,-0.222,4.833,4.833,4.944,3.722
-10.833,-10.833,-5.889,-5.944,-10.722,-11.944,-6.278,-4.333,-11.556,-11.5,-5.111,-9.611
-5.833,-8.5,-5.389,-5.389,-7.389,-10.5,-6.222,-8.0,-7.5,-7.556,-8.111,-10.111
-3.722,-5.111,-3.111,-2.389,-5.0,-3.444,-4.444,-2.944,-6.722,-4.556,-4.667,-3.667
-3.389,-2.444,-0.278,-2.889,-0.333,-1.278,-1.278,-1.111,-4.667,-2.056,-0.611,-3.667
1.667,2.056,1.944,2.0,2.5,4.722,3.0,2.778,2.278,3.111,5.222,1.444
6.333,6.111,5.389,5.889,8.5,5.333,5.333,6.722,5.667,7.0,6.778,6.5
9.389,9.5,9.5,8.722,10.167,6.389,11.833,11.778,9.944,11.667,11.0,11.778
8.333,8.889,7.778,11.444,8.111,7.333,10.167,10.889,9.167,10.778,9.5,11.944
4.722,4.722,5.0,4.333,4.056,3.833,8.0,5.222,4.278,7.222,4.778,7.389
-0.556,0.056,-1.444,0.889,2.667,0.611,-0.444,1.722,-0.056,-1.111,0.389,1.389
-4.111,-3.667,-7.111,-2.889,-4.167,-9.0,-2.5,-7.0,-2.0,-4.333,-5.167,-8.667
-8.944,-5.778,-12.778,-12.111,-9.833,-8.167,-9.444,-6.056,-9.889,-10.889,-8.556,-9.389
-9.222,-6.222,-13.667,-5.222,-9.722,-6.389,-3.722,-9.833,-8.222,-6.667,-9.667,-10.778
-9.111,-5.333,-13.444,-3.389,-8.611,-7.333,0.667,-7.778,-7.556,-5.667,-5.556,-7.778
-0.333,3.722,-3.833,0.444,-0.889,-1.778,0.5,-0.889,-1.389,-3.111,-1.111,0.333
5.0,5.389,5.389,3.278,3.889,4.0,5.833,5.333,4.944,4.056,0.722,4.056
9.0,9.167,10.278,9.111,10.111,11.222,13.889,10.222,8.833,11.722,15.0,12.778
16.222,16.5,15.722,15.889,15.0,15.611,16.667,13.778,17.0,16.333,18.111,16.556
17.389,18.444,18.111,19.611,18.278,19.778,18.778,17.833,17.833,17.333,18.167,18.778
17.444,17.556,16.556,19.111,18.889,18.333,18.167,17.778,16.0,16.556,18.111,17.389
11.944,14.5,14.111,12.222,12.611,11.111,15.0,11.222,13.556,13.389,15.333,13.167
6.0,9.0,4.722,7.167,2.833,4.556,7.444,5.611,6.0,6.278,6.5,4.556
0.611,1.444,1.278,2.111,0.556,-0.278,2.333,2.056,0.0,-1.611,-1.944,0.333
-6.111,-6.444,-6.0,-12.056,-6.111,-3.889,-3.278,-3.222,-8.333,-8.111,-3.0,-5.278
-9.778,-5.611,-12.889,-4.889,-9.278,-4.889,-1.778,-10.278,-7.444,-6.0,-9.056,-9.444
-9.444,-5.667,-15.333,-4.167,-7.889,-8.056,-0.278,-7.833,-6.389,-5.333,-3.5,-6.5
-1.0,3.444,-4.278,0.0,-1.167,-1.778,0.5,-0.722,-1.278,-2.889,-1.611,0.389
4.944,5.111,4.389,3.167,3.389,3.944,5.333,5.167,4.944,4.111,1.056,3.667
8.611,8.5,9.5,8.333,9.278,10.167,13.056,10.167,8.278,11.889,14.333,12.111
15.333,16.278,15.167,15.056,13.833,15.167,16.167,13.444,16.333,15.833,17.444,15.278
17.167,17.778,17.278,18.722,17.611,19.333,17.5,16.944,17.0,17.0,17.5,18.333
17.056,16.833,16.278,18.389,18.056,17.278,17.389,17.333,15.333,15.778,17.944,16.889
11.944,13.722,13.5,11.556,11.778,10.944,13.667,11.111,12.944,12.5,15.444,12.611
5.333,7.889,4.111,6.889,2.167,4.0,6.778,5.0,5.333,6.278,6.944,4.278
1.333,1.778,1.278,1.722,0.667,0.389,1.556,2.722,-0.389,-1.056,-1.222,0.444
-5.556,-5.444,-4.667,-10.278,-6.056,-3.889,-2.5,-3.111,-6.778,-6.056,-2.278,-4.167
-12.611,-11.0,-18.556,-8.778,-14.667,-12.722,-8.444,-12.556,-13.444,-11.0,-12.944,-15.889
-11.833,-8.056,-16.889,-5.778,-13.167,-11.111,-1.944,-12.444,-13.222,-9.0,-11.556,-12.556
-2.333,1.167,-6.167,-2.0,-3.611,-4.889,-3.556,-4.389,-4.833,-6.222,-2.889,-3.0
3.0,2.444,3.389,0.944,1.556,1.611,4.222,3.611,2.111,0.611,-2.222,0.444
6.556,7.778,9.222,7.056,10.667,9.444,12.111,8.111,7.444,9.167,12.944,10.278
14.833,15.111,14.333,14.833,15.444,13.778,14.111,13.444,14.778,15.222,17.278,15.556
16.222,17.167,16.889,18.667,17.056,17.5,17.611,16.778,17.056,16.222,16.889,17.5
15.778,16.611,15.167,18.722,17.333,16.778,17.444,16.611,14.667,15.778,16.222,16.056
10.167,11.611,12.833,10.889,11.111,8.444,13.167,8.944,11.444,12.5,13.278,11.611
4.944,7.056,3.167,4.889,0.833,3.389,5.944,3.833,4.111,4.056,3.389,2.333
-3.222,-1.667,-3.444,-0.833,-2.444,-4.056,-0.056,-2.722,-2.0,-4.5,-5.444,-3.111
-10.833,-10.889,-11.722,-17.833,-9.278,-7.944,-7.111,-6.333,-13.556,-13.278,-6.389,-10.444
-8.111,-7.833,-12.833,-5.389,-9.667,-8.556,-4.944,-7.056,-7.833,-6.556,-8.667,-8.833
-6.778,-4.667,-11.111,-3.444,-7.278,-7.222,-1.056,-6.889,-6.278,-5.778,-7.167,-8.278
-0.333,2.833,-2.167,0.111,-1.611,-0.778,-2.0,-0.222,-1.167,-2.333,-0.222,-1.444
4.056,3.611,6.278,2.333,3.556,3.778,4.222,6.0,3.167,2.111,0.611,4.0
8.278,8.833,10.389,8.222,11.722,10.778,12.5,10.167,9.833,10.111,14.278,11.333
16.444,15.722,16.556,14.667,17.278,15.444,15.389,14.833,16.111,16.444,18.5,17.444
18.444,18.389,19.389,19.667,18.556,19.222,20.278,19.722,18.889,18.222,19.056,19.944
18.056,18.111,17.278,20.778,18.722,18.444,18.611,19.278,17.889,18.556,17.833,18.389
11.556,13.111,14.444,13.667,12.833,10.222,16.056,11.111,12.556,14.889,15.056,13.778
6.444,7.611,4.778,8.056,4.778,5.0,7.889,6.611,6.056,5.556,5.722,5.5
-1.222,0.278,-0.278,0.667,-0.556,-3.389,2.444,-0.5,0.278,-1.667,-3.056,-2.278
-8.444,-6.167,-7.889,-13.667,-5.389,-4.444,-5.222,-4.444,-8.0,-8.444,-4.889,-7.5
-6.444,-4.333,-10.0,-3.444,-6.056,-1.667,0.667,-6.778,-4.556,-2.278,-6.722,-5.944
-8.167,-3.833,-10.167,-2.222,-4.5,-4.667,1.167,-3.222,-1.944,-3.0,1.5,-2.778
0.389,5.611,-0.556,2.0,0.778,0.389,2.778,2.611,1.278,-1.111,1.333,2.444
6.5,6.5,6.889,4.5,5.056,5.167,6.222,7.5,6.333,6.0,3.667,6.0
10.667,9.167,10.556,9.778,9.611,11.222,13.778,12.444,9.889,12.056,15.833,13.5
15.444,16.722,16.0,15.278,13.722,15.611,17.222,14.278,17.0,16.833,18.333,16.389
17.556,18.444,18.389,18.944,18.389,20.111,19.167,18.278,17.5,17.944,18.889,20.056
18.056,17.444,18.111,19.167,18.722,18.111,17.722,18.667,16.556,17.722,19.0,18.5
12.5,15.444,15.389,13.111,13.556,13.167,14.944,12.778,14.556,14.278,17.722,13.611
6.389,8.944,4.667,8.222,3.111,5.778,7.778,6.889,6.278,8.167,8.889,5.0
2.444,3.278,3.444,2.056,1.389,1.111,2.556,4.333,0.056,-0.389,0.444,1.778
-4.0,-2.444,-2.611,-6.167,-3.333,-2.0,-0.333,-2.111,-3.111,-2.056,0.167,-2.0
3.056,2.333,-0.056,2.778,1.333,5.667,6.722,1.556,3.556,6.389,0.833,2.0
0.667,3.611,0.056,5.056,4.556,4.833,6.0,5.333,6.111,6.778,10.889,4.111
6.667,11.444,6.278,6.556,8.056,7.5,8.389,9.0,8.944,6.111,10.667,7.889
14.444,11.778,12.944,10.167,12.333,10.667,11.667,12.889,13.0,12.111,10.444,13.444
16.722,16.222,17.667,16.167,14.778,16.056,18.889,19.222,17.667,16.5,19.222,19.333
20.667,20.833,20.944,19.889,19.389,21.5,23.0,21.444,21.833,22.0,22.611,22.5
21.167,22.5,22.278,22.278,22.222,22.944,23.833,22.333,22.333,21.667,23.222,23.611
21.222,20.611,21.611,22.611,22.333,22.778,22.889,22.722,22.333,22.222,22.278,23.056
17.056,20.667,20.389,17.667,19.778,19.056,22.056,18.722,19.0,20.5,22.278,18.889
12.778,15.333,11.111,12.889,11.889,13.056,15.0,13.222,11.944,14.611,16.222,11.222
6.111,11.444,10.722,8.278,9.722,6.278,11.167,10.111,7.0,6.944,7.333,8.722
3.0,3.222,3.944,1.444,4.389,4.444,7.0,2.944,5.333,4.389,6.556,7.167
-18.778,-14.056,-15.667,-13.278,-16.222,-14.889,-12.389,-17.833,-12.778,-14.611,-14.5,-18.0
-17.889,-14.778,-17.167,-12.778,-14.889,-20.611,-9.944,-16.778,-13.0,-11.5,-11.111,-13.333
-7.5,-5.056,-10.833,-5.444,-9.556,-11.111,-6.778,-10.722,-11.0,-5.278,-6.222,-6.778
-0.778,-1.111,-2.722,0.167,-0.722,-1.444,-0.833,-4.111,-1.111,-2.111,-2.944,-0.611
2.556,4.389,5.167,4.556,5.167,4.167,6.722,3.722,3.222,4.556,4.056,5.0
8.889,11.0,9.833,9.444,8.333,8.667,10.222,9.611,10.833,10.167,8.167,9.222
12.222,14.111,12.0,12.611,13.944,12.389,12.722,13.056,13.944,14.278,14.111,13.0
9.222,14.056,10.778,11.944,13.167,12.056,11.444,13.556,12.0,11.5,14.111,13.889
8.111,6.667,3.722,7.778,6.222,6.833,7.944,8.333,7.556,8.111,8.056,8.389
3.5,1.722,0.722,1.167,0.833,-0.556,2.833,1.889,1.5,2.778,1.333,3.111
-5.111,-3.889,-6.333,-2.389,-2.167,-4.556,-2.5,-2.722,-2.278,-4.444,-5.5,-2.0
-11.667,-7.833,-12.556,-12.444,-13.722,-9.889,-8.278,-9.833,-12.056,-12.611,-11.556,-6.278
-7.556,-4.0,-6.778,-3.333,-7.556,-1.556,0.056,-6.111,-2.944,-2.278,-6.0,-5.556
-6.833,-4.889,-9.056,-3.778,-3.722,-5.556,0.167,-4.889,-2.667,-3.056,0.222,-2.611
0.667,3.389,-1.222,2.056,0.222,-0.833,1.889,0.667,1.0,-0.5,-0.944,1.944
4.889,5.889,4.556,4.833,4.778,4.833,6.389,5.389,7.167,6.111,4.444,5.611
8.889,9.722,10.167,9.722,10.889,11.5,12.833,10.611,9.333,11.222,14.556,12.611
15.167,17.444,15.111,15.333,14.833,15.389,16.111,15.667,17.222,17.222,17.0,16.278
18.111,18.278,17.278,18.0,19.222,19.722,18.167,19.0,18.667,20.556,19.056,20.0
18.111,18.556,19.333,18.0,19.278,18.056,17.778,19.5,16.444,17.333,20.0,19.167
12.722,14.667,13.667,13.0,12.556,14.333,15.444,14.944,14.889,12.5,18.667,14.556
8.611,8.0,5.444,8.222,4.167,6.611,7.889,6.5,6.556,9.056,9.944,6.778
3.278,2.667,3.0,2.389,2.111,1.722,1.833,4.611,2.167,0.833,2.056,3.556
-4.056,-1.722,-2.333,-4.0,-3.444,-3.0,0.056,-2.167,-1.5,-1.167,-0.556,-2.889
-12.444,-7.889,-9.944,-8.0,-11.556,-6.889,-4.556,-12.111,-7.278,-7.389,-9.222,-10.278
-11.222,-8.833,-13.111,-7.389,-8.5,-11.944,-3.722,-10.167,-6.722,-6.167,-4.0,-7.222
-3.111,-0.667,-6.222,-1.333,-4.056,-5.444,-1.889,-5.167,-3.778,-3.0,-2.833,-2.333
2.0,2.944,0.444,2.444,1.944,1.944,2.167,0.5,2.0,1.611,0.222,2.278
5.556,6.833,7.278,6.944,7.611,7.611,9.056,6.722,5.944,7.389,9.444,9.389
11.833,14.0,11.278,12.111,10.833,11.667,13.0,12.556,13.778,13.611,12.167,12.444
15.389,15.833,13.944,15.056,16.333,14.944,15.333,15.889,16.889,18.778,16.778,16.5
12.944,16.222,15.222,14.667,16.222,14.778,15.222,16.778,13.778,14.0,17.944,17.222
9.889,9.278,7.222,10.5,8.389,10.778,10.778,11.5,11.444,9.667,13.722,11.333
5.611,3.778,2.667,4.444,2.056,2.778,5.111,3.5,3.389,4.889,5.333,5.611
-0.944,-0.222,-1.333,0.278,-0.389,-1.333,-0.333,1.111,-0.222,-1.778,-0.833,1.278
-8.167,-4.5,-6.556,-7.333,-7.833,-5.944,-3.333,-5.111,-5.278,-6.056,-4.5,-4.333
-12.778,-9.444,-13.667,-9.0,-12.833,-10.111,-7.389,-12.5,-9.056,-9.278,-11.056,-14.0
-14.0,-11.833,-16.889,-7.111,-13.667,-13.222,-3.889,-14.0,-12.722,-10.611,-9.889,-12.0
-5.167,-1.333,-9.778,-4.333,-6.833,-7.056,-4.167,-7.889,-8.222,-6.944,-6.444,-5.722
1.0,0.722,-1.389,-0.944,-0.278,-0.833,1.0,-1.333,1.167,-1.111,-3.833,-0.556
4.111,4.333,6.5,3.278,5.944,5.722,8.444,5.167,3.667,6.611,8.333,7.833
10.778,12.444,9.833,10.667,10.444,10.333,11.333,9.778,12.167,11.444,12.111,11.333
12.778,13.722,12.556,15.611,14.333,14.667,13.5,13.222,13.889,14.278,14.722,14.167
12.5,14.556,12.833,14.722,14.833,14.111,14.167,14.0,12.222,12.778,15.111,14.111
10.222,8.778,9.944,9.389,8.722,6.667,10.111,9.0,9.722,8.833,11.167,10.222
4.556,5.889,2.444,3.278,1.056,1.5,4.444,2.5,2.667,3.944,3.056,3.0
-1.944,-1.333,-2.778,-1.556,-0.556,-2.944,0.0,-0.944,-1.833,-2.667,-3.667,-1.0
-9.056,-8.611,-9.5,-12.889,-9.0,-7.444,-6.0,-5.667,-10.5,-11.0,-5.111,-5.889
-19.0,-16.333,-22.722,-14.5,-21.222,-19.167,-14.111,-17.222,-18.5,-16.833,-17.278,-22.389
-18.889,-14.556,-20.611,-10.111,-20.167,-16.778,-5.389,-18.5,-18.556,-16.0,-19.5,-21.0
-6.167,-2.556,-10.278,-5.333,-7.389,-9.389,-7.0,-9.611,-10.333,-12.167,-7.778,-8.611
-0.167,-1.167,-0.667,-1.667,-1.667,-1.5,1.278,-0.5,-1.667,-4.0,-5.722,-2.667
4.222,4.833,7.167,3.556,8.389,5.778,8.333,5.5,3.889,5.556,8.611,7.0
11.167,11.667,10.833,11.444,13.389,10.278,11.222,11.167,11.0,11.833,13.556,12.389
13.278,13.556,13.833,16.389,14.833,13.833,14.389,14.056,13.778,14.5,14.833,14.944
12.389,14.556,12.889,15.556,14.167,13.5,14.167,14.389,12.444,13.111,13.556,13.722
8.167,7.444,10.0,8.611,8.0,5.111,9.556,7.889,8.667,10.0,9.611,9.222
2.722,4.556,1.556,2.167,-1.389,-0.611,3.444,2.111,2.278,2.222,0.389,2.056
-5.0,-6.0,-9.0,-3.722,-6.0,-8.222,-4.0,-7.333,-4.889,-7.389,-9.0,-5.5
-15.833,-15.5,-19.056,-23.278,-15.111,-13.167,-12.167,-10.722,-19.667,-20.167,-10.778,-14.722
0.111,0.333,-2.722,0.611,-1.167,3.778,4.056,-1.556,0.556,4.333,-1.556,-0.222
-1.778,0.833,-2.778,3.056,1.167,1.833,4.278,2.833,3.278,3.611,8.278,2.389
4.111,9.611,4.056,5.222,5.333,5.444,6.722,7.389,6.222,3.333,7.444,6.333
11.889,10.111,10.833,8.278,10.444,8.611,10.278,11.056,10.5,10.111,7.778,10.778
14.722,13.944,15.611,14.556,12.778,14.722,16.833,17.111,15.389,14.5,17.778,17.611
18.944,19.722,19.778,18.611,17.722,20.0,21.611,19.333,20.0,20.389,21.333,21.0
20.167,21.444,21.333,21.222,21.111,22.167,22.722,21.111,20.667,20.556,22.111,22.611
20.278,19.111,20.611,21.556,21.278,21.556,21.278,21.444,20.5,20.722,21.056,21.667
15.0,19.111,18.778,16.0,18.778,16.889,20.0,16.667,18.0,18.389,21.0,16.833
10.5,13.0,8.111,11.111,9.111,10.611,12.444,11.167,9.944,12.5,13.667,8.944
4.5,8.278,8.222,5.667,7.333,4.333,8.167,8.0,4.0,4.278,4.944,6.389
0.222,1.278,1.111,-0.5,1.722,2.0,4.944,0.444,3.111,2.556,4.333,4.889
-7.222,-6.111,-11.889,-4.444,-7.944,-6.056,-2.389,-8.0,-6.667,-4.667,-8.0,-8.056
-6.778,-4.444,-10.778,-2.444,-7.333,-6.056,0.611,-5.667,-5.444,-3.944,-4.0,-6.444
0.778,4.778,-2.333,1.444,-0.111,-0.444,0.444,0.389,-0.222,-1.667,1.056,1.111
5.889,5.944,7.444,3.833,4.889,5.0,6.167,7.167,5.167,4.833,2.278,5.389
9.778,9.833,11.389,9.889,11.389,11.5,14.5,11.333,10.611,11.444,16.056,13.111
17.111,16.778,16.556,15.722,16.0,16.5,17.333,14.667,17.444,17.111,19.167,17.833
18.167,18.889,19.722,19.778,18.944,20.5,20.444,19.333,19.111,17.833,19.333,20.222
18.5,17.833,17.556,20.167,19.111,19.333,19.056,19.333,17.389,17.944,18.778,18.556
12.167,15.611,15.222,13.444,13.389,11.5,16.667,11.667,13.778,14.778,16.056,13.889
6.611,9.722,4.833,8.278,4.056,5.667,8.333,7.111,6.556,6.889,7.611,5.444
0.667,3.0,2.056,2.778,0.889,-0.556,3.5,2.667,0.889,-0.389,-1.944,0.5
-5.889,-4.667,-5.222,-11.889,-4.722,-3.167,-3.056,-2.389,-6.556,-6.5,-2.222,-4.278
-14.611,-12.5,-17.0,-8.056,-14.111,-16.611,-12.722,-9.722,-14.111,-11.0,-11.056,-10.833
-9.0,-10.556,-13.778,-6.056,-10.722,-15.556,-6.444,-11.444,-10.333,-7.722,-17.667,-11.556
-4.056,-5.278,-6.667,-4.5,-5.333,-4.667,-7.556,-7.278,-6.944,-7.5,-7.778,-5.833
-3.611,-3.0,-0.222,-3.389,-1.222,-1.111,-0.5,0.056,-4.389,-3.778,-3.444,-4.667
1.5,2.167,3.778,1.889,4.611,4.556,3.556,3.333,3.278,3.944,6.222,2.611
7.167,7.611,7.0,6.833,11.333,6.778,6.222,7.444,6.444,7.778,8.278,7.556
9.444,9.556,10.0,10.333,10.778,8.111,12.5,12.0,10.389,11.333,10.778,11.833
8.667,10.167,8.389,12.389,9.056,8.167,11.333,12.278,9.722,11.222,9.5,12.111
5.0,4.778,5.778,3.889,4.333,3.111,8.056,4.667,4.0,7.833,4.5,7.389
-0.833,0.333,-0.833,0.222,0.5,-1.0,0.0,1.111,-0.5,-1.5,-1.111,1.611
-5.611,-8.833,-11.0,-5.056,-5.722,-9.389,-3.444,-10.111,-3.333,-6.778,-6.111,-10.556
-15.056,-9.0,-15.889,-21.167,-10.222,-7.889,-11.056,-8.944,-15.5,-14.111,-8.833,-14.611
-11.944,-10.889,-17.0,-7.222,-14.444,-12.944,-9.0,-9.722,-12.056,-10.056,-11.167,-11.222
-8.944,-7.611,-14.556,-5.333,-10.333,-12.333,-3.222,-10.222,-9.667,-8.0,-12.111,-11.0
-3.222,-0.667,-5.167,-2.667,-4.111,-3.556,-5.389,-3.667,-4.222,-5.389,-3.111,-4.389
0.556,0.833,3.0,-0.333,0.444,1.333,1.556,3.333,-0.222,-1.278,-2.111,-0.389
5.0,5.778,7.722,5.333,9.389,7.611,9.056,7.333,6.278,7.611,10.556,7.722
13.222,12.667,13.222,12.722,15.722,11.833,11.389,12.222,12.444,13.111,15.444,14.0
15.611,15.833,16.111,17.0,16.056,15.5,17.667,16.667,16.444,15.833,16.444,17.278
14.667,16.056,14.056,18.278,15.389,15.167,16.167,16.444,15.0,16.611,14.611,15.944
8.389,9.444,10.722,9.722,9.167,7.0,12.444,7.833,9.278,12.5,12.111,10.944
3.111,4.278,1.444,4.0,1.389,2.0,4.444,3.833,2.944,2.611,1.722,2.389
-4.222,-3.333,-5.333,-2.889,-3.222,-6.611,-1.0,-4.667,-2.5,-4.833,-5.611,-6.278
-12.222,-9.778,-13.056,-18.333,-8.0,-6.778,-8.889,-6.5,-12.5,-12.0,-7.667,-11.222
-7.889,-8.556,-3.444,-4.444,-8.056,-8.333,-3.722,-1.778,-8.0,-10.0,-2.611,-5.389
-0.833,-3.833,-3.167,-2.778,-4.944,-6.0,-3.778,-5.056,-4.778,-5.889,-6.111,-6.0
-1.944,-2.778,1.056,-0.222,-2.667,0.611,-1.833,-1.0,-2.667,-0.278,-2.333,-0.889
-1.0,-0.111,1.0,-0.722,1.778,1.278,-0.222,0.222,-0.833,1.278,2.278,0.444
4.389,6.278,3.667,4.111,4.5,6.778,3.278,5.889,4.611,5.389,6.833,4.278
9.944,9.833,8.444,8.944,10.778,8.167,7.611,10.944,9.389,11.056,10.722,10.667
14.278,13.444,12.722,11.444,14.778,11.0,14.222,15.556,14.222,15.889,16.167,15.778
10.722,12.556,11.444,13.667,12.889,11.5,13.556,14.0,13.667,13.167,13.944,15.333
7.167,6.556,7.0,9.444,7.444,7.444,9.833,9.167,8.333,9.389,8.889,11.333
2.389,1.778,3.333,3.944,5.444,3.278,1.389,4.889,2.5,0.944,2.889,3.722
-1.833,-1.833,-3.556,-1.444,-1.778,-5.5,-1.778,-3.611,0.167,-1.556,-3.222,-5.556
-7.611,-4.167,-9.167,-3.722,-7.778,-6.667,-7.444,-4.611,-7.611,-8.944,-5.389,-5.833
-17.444,-12.278,-14.056,-12.111,-15.333,-11.111,-9.444,-16.944,-11.056,-12.167,-12.833,-15.778
-16.389,-13.333,-17.333,-11.167,-12.944,-18.111,-8.0,-14.5,-10.778,-9.5,-8.5,-11.056
-6.333,-3.167,-9.556,-4.222,-7.722,-9.5,-5.389,-9.0,-8.444,-5.667,-5.833,-5.722
-0.389,0.222,-2.333,0.278,-0.222,-0.5,-0.389,-2.611,-0.667,-1.167,-2.167,-0.111
3.111,4.722,5.722,4.889,6.056,5.0,7.056,5.111,3.389,5.222,6.222,6.667
10.111,11.5,9.611,9.889,8.167,9.333,11.167,10.556,11.722,11.056,9.444,10.0
12.944,13.778,11.889,12.556,14.222,12.889,12.944,13.444,14.111,15.722,14.222,13.278
10.111,14.167,12.167,12.167,13.556,12.667,12.389,14.222,11.778,11.722,15.111,14.667
8.222,6.889,4.333,7.889,6.0,7.778,8.056,8.667,8.611,7.611,10.667,8.944
3.167,1.444,0.444,1.667,0.556,0.0,3.056,1.389,1.056,2.611,2.833,2.556
-4.056,-3.111,-5.278,-2.056,-2.833,-4.056,-1.667,-2.0,-2.5,-4.722,-4.278,-1.778
-11.722,-7.667,-11.111,-11.167,-12.278,-9.111,-6.667,-9.556,-9.611,-10.0,-9.056,-6.611
-8.778,-4.722,-7.667,-4.778,-9.389,-2.611,-0.611,-7.278,-3.556,-3.333,-6.944,-7.0
-8.0,-6.111,-10.833,-4.944,-5.0,-7.222,-0.667,-6.722,-3.556,-3.889,-0.944,-4.333
-0.333,1.889,-2.667,1.111,-0.944,-2.111,1.167,-1.0,-0.333,-1.0,-1.167,0.667
3.722,5.111,3.167,4.167,3.556,4.111,5.0,3.556,5.389,4.611,2.833,4.611
8.0,8.611,8.833,8.722,9.833,9.833,11.611,8.667,8.0,10.056,12.5,11.611
14.222,16.778,13.778,14.167,13.222,14.278,15.056,14.444,16.389,16.056,15.389,14.944
17.333,17.778,16.333,17.556,18.611,18.444,17.5,18.056,18.444,20.611,18.667,19.667
16.778,17.944,18.5,17.222,18.333,17.167,17.278,18.778,15.333,16.611,19.833,19.0
12.278,12.778,11.278,12.278,11.278,13.056,13.778,14.611,14.111,11.611,17.111,14.0
7.444,6.611,4.778,7.056,3.611,5.333,7.111,5.667,5.556,8.167,8.667,6.5
2.278,2.0,2.222,1.833,1.611,0.667,1.0,4.0,2.056,0.556,1.222,2.944
-5.333,-2.333,-3.278,-4.611,-4.778,-3.667,-0.833,-2.833,-2.556,-2.5,-1.167,-3.111
-6.556,-7.778,-5.667,-6.0,-7.889,-3.556,-4.944,-4.167,-7.5,-8.0,-6.5,-6.667
-3.167,-4.667,-4.889,-3.889,-4.444,-3.444,-3.944,-3.5,-4.222,-6.0,-3.278,-7.389
-1.611,-2.0,-0.5,-0.944,-3.444,-1.444,-2.0,-1.167,-2.222,-1.222,-0.444,-2.278
0.833,-0.889,2.722,-0.444,1.444,2.056,0.167,2.222,1.0,2.0,3.222,3.222
6.111,5.944,6.333,4.667,6.278,6.833,6.556,7.778,6.333,7.056,8.833,8.222
11.278,10.111,12.389,9.833,12.167,11.278,11.0,11.611,12.444,13.778,14.056,14.444
14.056,13.778,15.0,14.278,14.278,14.778,15.611,15.833,15.056,15.556,15.944,16.722
12.889,12.611,12.889,14.611,14.5,14.111,14.111,15.056,14.111,14.722,14.778,15.389
7.778,8.667,10.0,11.722,8.611,8.667,11.889,10.389,9.556,11.667,11.222,11.889
3.389,2.667,4.389,5.5,4.833,2.778,5.278,6.222,3.722,2.5,5.611,5.056
-2.389,-2.056,0.556,-1.0,-2.0,-3.889,-0.333,-0.722,-1.833,-1.556,-3.056,-3.389
-8.111,-7.167,-7.222,-6.444,-7.111,-6.5,-5.222,-5.778,-5.0,-6.111,-5.0,-4.389
-15.389,-9.444,-12.722,-10.0,-12.5,-8.611,-6.611,-14.444,-7.944,-9.111,-12.5,-15.0
-14.0,-13.333,-16.389,-9.167,-11.389,-15.889,-5.833,-12.833,-9.556,-9.111,-6.722,-10.778
-5.0,-1.389,-8.5,-3.333,-6.333,-8.056,-3.444,-6.667,-6.889,-5.167,-5.611,-4.722
1.167,1.833,-1.333,0.556,0.778,1.0,1.278,-0.833,1.944,0.222,-2.056,0.833
4.889,5.833,6.889,5.111,7.167,6.111,9.333,6.333,4.222,7.222,8.778,7.944
11.222,13.0,10.444,10.944,9.222,10.667,12.222,11.389,13.444,12.167,11.278,11.389
13.944,14.333,13.111,14.167,15.278,14.778,14.0,14.222,14.833,16.333,15.333,14.444
12.333,15.056,13.833,13.778,14.444,13.722,14.0,15.0,12.333,12.833,16.222,14.944
9.889,8.778,7.222,9.389,7.889,8.889,10.0,10.222,10.056,8.389,12.5,10.722
4.611,4.0,2.0,3.389,1.722,1.833,4.444,2.389,2.056,4.778,4.333,2.944
-1.944,-1.0,-2.833,-1.278,-0.556,-2.333,-0.444,-0.056,-1.667,-3.444,-2.778,0.0
-10.167,-7.333,-7.944,-9.722,-9.278,-8.5,-4.611,-7.0,-7.778,-8.056,-6.0,-5.833
-3.889,-1.778,-4.444,-1.556,-4.056,1.333,1.611,-3.222,-1.556,1.111,-4.333,-2.278
-5.389,-2.556,-4.944,-0.778,-1.444,-1.611,2.333,-0.167,1.167,-0.389,5.222,1.056
2.389,6.333,1.778,4.111,2.444,2.111,3.778,5.389,3.389,0.389,2.111,4.778
7.389,7.333,7.778,5.889,6.722,5.944,8.278,7.944,8.722,8.333,6.278,7.667
11.167,11.222,11.944,11.556,11.056,13.0,14.056,13.389,11.389,12.389,16.333,14.333
16.389,17.889,16.5,15.778,14.889,17.111,18.222,16.889,18.222,18.222,19.111,17.444
19.056,18.722,18.556,18.889,18.944,20.667,19.889,19.667,18.611,20.333,19.667,20.833
19.111,18.778,19.278,18.944,20.056,18.722,18.667,20.222,18.333,18.667,19.889,19.5
13.444,16.389,15.944,14.556,15.111,15.944,16.278,15.167,16.278,14.889,19.833,15.167
9.111,9.222,6.667,9.389,5.111,8.333,8.833,8.722,7.556,10.278,11.222,7.556
3.5,3.833,6.111,3.056,3.556,3.722,4.333,6.278,2.0,2.222,3.611,5.667
-2.833,-0.333,-0.556,-1.667,-1.944,-1.333,2.722,-1.722,2.111,1.333,2.056,-0.333
-19.611,-14.833,-24.722,-12.333,-19.944,-20.0,-16.778,-17.222,-18.667,-16.833,-16.944,-19.222
-17.0,-13.167,-19.889,-9.611,-17.611,-17.778,-6.0,-18.944,-18.444,-13.444,-20.778,-19.167
-5.833,-3.056,-9.278,-6.056,-7.444,-7.667,-10.333,-11.333,-9.444,-13.944,-8.889,-8.556
-2.0,-1.889,-0.167,-2.667,-2.333,-1.556,1.0,0.0,-3.278,-5.944,-5.778,-4.111
2.778,4.222,6.889,2.444,7.667,4.889,6.444,5.222,3.167,5.0,7.778,5.278
9.833,10.333,10.111,9.944,15.0,8.722,9.667,10.444,9.333,11.278,12.944,11.167
12.056,11.833,12.889,15.0,13.722,11.5,14.056,13.667,13.0,13.444,13.556,14.667
10.556,13.611,11.333,14.944,12.389,11.667,14.111,14.389,12.667,13.111,11.778,13.556
6.722,6.0,8.5,6.167,5.889,3.833,8.722,6.278,6.389,9.667,6.111,8.167
0.111,2.222,0.222,0.556,-2.0,-2.333,1.667,1.111,0.278,-0.056,-2.0,0.778
-6.333,-10.389,-12.0,-4.944,-7.778,-9.278,-5.5,-12.056,-6.111,-9.0,-9.222,-9.778
-17.778,-16.222,-19.333,-23.944,-14.5,-13.611,-13.111,-11.389,-20.333,-20.111,-10.833,-18.389
-10.333,-6.111,-12.0,-5.5,-9.0,-3.778,-1.444,-9.778,-6.278,-5.333,-8.722,-9.389
-10.222,-6.611,-15.0,-4.5,-7.333,-8.056,-0.333,-7.889,-6.611,-5.778,-2.444,-5.889
-1.722,2.833,-4.556,-0.278,-1.722,-2.111,0.889,-1.222,-2.0,-2.5,-2.389,0.0
4.056,4.611,3.222,3.056,2.889,3.5,4.222,4.444,5.0,3.667,1.278,3.389
8.0,8.667,9.056,7.389,8.722,8.778,12.167,9.667,7.556,10.889,13.389,11.556
14.111,15.611,14.222,14.056,12.333,14.167,15.111,13.056,15.5,15.0,16.333,14.722
16.0,16.944,16.444,17.611,17.0,17.833,16.222,16.222,16.278,17.278,17.222,17.833
16.389,16.444,16.111,17.0,17.222,16.222,16.333,16.944,14.778,15.389,17.889,16.778
11.944,12.556,13.222,11.111,11.056,11.222,12.778,11.222,12.556,11.5,15.833,12.833
5.333,7.333,3.667,6.389,2.167,3.944,6.0,4.333,4.611,6.556,6.889,4.333
1.278,1.444,0.944,1.111,0.556,0.556,1.278,2.944,-0.611,-0.833,-0.5,1.278
-5.722,-4.222,-4.611,-8.333,-5.889,-4.111,-2.167,-3.278,-5.444,-4.111,-2.222,-3.778
-2.556,-4.333,-8.611,-2.722,-5.444,-3.278,-0.667,-3.778,-3.5,-2.222,-5.0,-5.389
-3.556,-1.778,-6.444,-0.167,-3.056,-2.222,1.389,-2.5,-2.0,-1.611,-1.889,-4.222
3.333,5.667,1.167,2.778,1.889,2.444,2.333,2.778,3.056,1.778,4.111,2.056
7.667,7.0,9.778,5.389,6.722,6.722,6.722,8.389,6.944,5.722,4.333,8.667
12.111,11.667,13.333,11.278,13.167,13.111,15.222,13.389,13.278,12.722,17.0,15.0
18.278,17.556,18.889,16.278,17.944,18.778,19.5,16.778,19.333,19.167,20.556,19.944
20.0,20.278,22.111,20.778,20.611,22.333,22.611,21.389,20.944,20.0,21.333,22.778
20.222,19.278,20.0,21.722,20.722,20.944,20.778,21.111,20.222,20.5,20.444,21.278
13.667,16.278,18.167,16.056,15.333,13.722,19.278,14.222,14.722,16.944,17.889,16.278
9.056,10.889,8.0,10.722,8.167,7.056,11.333,9.722,8.278,9.056,10.0,8.722
1.889,5.111,3.778,4.056,2.889,-0.444,5.722,4.333,2.722,1.889,0.0,2.278
-3.889,-2.722,-4.222,-8.722,-1.889,-1.167,-1.222,-1.056,-3.389,-4.611,-1.056,-1.611
-4.667,-5.333,-1.444,-1.667,-5.222,-7.333,-1.556,0.111,-6.222,-6.111,-0.889,-3.278
-0.444,-1.944,-0.944,-0.111,-3.056,-6.167,-1.667,-3.5,-3.0,-3.222,-4.389,-3.944
-0.944,-1.778,0.444,1.111,-2.111,0.389,-1.0,0.167,-3.111,-1.111,-2.0,-0.389
-1.444,-0.444,0.944,-0.389,1.611,1.056,0.611,0.056,-2.0,0.444,1.0,-1.444
3.111,4.0,2.611,4.0,3.111,5.722,3.833,3.778,4.056,4.111,6.0,2.389
7.0,6.833,6.944,6.278,7.444,6.278,6.667,7.667,5.611,7.667,6.833,7.333
10.333,9.611,10.222,9.056,10.167,7.167,12.0,11.722,10.0,11.556,11.333,12.111
9.667,8.667,9.667,11.0,8.611,8.611,10.444,10.389,9.778,10.667,10.389,12.722
6.778,6.944,6.556,5.444,5.667,6.167,8.444,7.556,6.278,7.833,5.611,8.778
1.944,2.167,1.5,2.722,5.111,3.611,1.5,4.111,2.444,0.889,2.667,4.722
-0.056,0.0,-4.611,0.944,-0.278,-5.278,0.222,-2.833,0.944,-1.056,-1.333,-4.444
-4.0,-0.611,-7.333,-5.389,-4.611,-3.222,-5.222,-2.111,-5.444,-6.5,-3.778,-5.0
-11.778,-7.111,-10.833,-6.611,-11.0,-4.778,-2.5,-10.333,-6.0,-6.0,-10.222,-10.5
-10.5,-9.0,-13.889,-6.444,-8.0,-10.167,-2.222,-9.0,-7.222,-6.778,-3.889,-7.333
-2.556,0.5,-5.222,-1.333,-3.222,-4.556,-0.889,-3.556,-3.444,-3.222,-4.222,-2.0
2.278,3.389,1.056,2.167,1.889,2.167,3.056,2.167,3.667,2.667,0.389,2.222
6.0,6.833,7.667,6.111,7.944,7.556,10.556,7.944,5.222,8.056,11.111,9.222
12.0,14.111,11.611,11.944,10.611,12.111,13.222,12.278,14.0,13.722,13.444,12.833
14.833,15.333,14.167,14.833,15.944,16.0,14.556,14.889,15.389,17.111,15.778,15.889
14.611,15.5,15.667,15.056,15.611,14.722,14.778,16.0,12.667,13.778,17.111,15.556
10.444,10.667,10.556,9.611,9.111,10.5,11.222,11.222,11.056,9.333,14.722,11.611
5.278,5.389,2.667,4.889,2.056,2.944,5.167,3.056,2.944,6.111,6.444,3.167
0.389,0.611,-0.278,0.167,0.0,-0.667,-0.111,1.833,-0.5,-1.944,-0.944,0.5
-7.167,-4.611,-5.667,-7.556,-6.5,-5.889,-2.944,-4.944,-5.333,-5.0,-2.889,-5.333
-9.611,-6.278,-8.722,-6.167,-9.222,-5.333,-2.722,-8.889,-5.0,-5.556,-7.333,-8.167
-9.556,-6.778,-11.111,-5.333,-5.889,-9.444,-2.111,-8.333,-4.944,-5.0,-1.722,-5.556
-1.611,0.833,-4.556,-0.167,-2.278,-3.444,-0.389,-3.278,-1.778,-1.389,-1.222,-0.833
3.167,3.722,1.778,3.389,2.833,3.333,3.556,1.5,3.556,2.889,1.556,3.667
6.833,7.833,7.889,7.5,8.222,8.833,9.556,7.0,7.278,8.222,10.389,10.222
12.667,14.944,12.556,13.333,11.944,13.111,13.778,13.056,15.056,14.667,13.444,13.444
16.444,16.889,15.111,16.444,17.333,16.222,16.667,16.889,18.278,20.222,17.833,17.889
14.556,17.389,16.611,16.167,17.722,16.222,16.5,18.056,14.778,15.278,19.167,18.444
11.0,11.0,8.778,12.167,10.111,12.167,12.333,13.0,12.722,10.833,14.944,12.444
7.0,5.389,4.333,6.111,3.167,4.556,6.111,4.944,4.889,6.389,6.611,7.278
0.444,1.167,0.444,1.722,0.722,0.111,0.722,2.556,0.889,-0.111,0.833,2.611
-6.111,-2.5,-4.5,-5.333,-5.611,-4.333,-1.944,-3.167,-3.389,-3.944,-2.778,-2.889
-1.778,0.667,-2.667,-0.278,-1.778,3.667,3.389,-1.056,0.611,3.778,-2.0,0.222
-3.0,-0.556,-2.389,1.222,0.389,1.333,4.0,2.0,3.111,1.944,8.333,4.111
3.444,8.556,3.944,5.389,4.611,4.333,5.333,8.056,5.278,2.333,4.611,7.167
10.0,8.944,9.778,7.222,8.944,7.111,10.278,10.0,9.778,10.111,8.333,9.5
13.389,13.056,14.222,13.667,12.556,14.389,16.278,15.667,13.5,13.778,17.333,16.444
18.222,19.167,18.722,17.333,16.278,19.0,20.056,18.611,19.778,19.944,20.778,19.611
20.389,20.556,20.5,20.667,20.278,22.111,21.889,21.056,20.333,21.5,21.333,22.278
20.667,20.056,20.611,20.556,21.222,20.389,20.167,21.5,20.611,20.444,21.167,21.167
15.833,18.444,18.0,16.222,17.778,17.889,17.833,16.556,18.0,17.167,21.111,17.222
11.056,11.0,8.833,11.278,7.389,10.778,11.167,10.889,9.5,11.722,13.444,9.278
4.333,6.111,8.389,4.333,5.889,5.667,7.611,7.5,3.389,4.0,5.556,8.0
-1.111,1.167,1.5,0.5,0.0,0.5,4.944,-1.0,4.5,3.833,4.0,2.278
-15.333,-12.833,-21.778,-9.333,-16.889,-16.278,-12.667,-12.889,-15.222,-12.667,-13.889,-14.333
-12.444,-10.278,-17.444,-7.0,-14.222,-15.333,-4.167,-13.444,-13.778,-10.167,-17.833,-14.333
-4.556,-2.111,-6.722,-4.111,-5.722,-5.5,-7.889,-7.0,-6.444,-8.722,-5.944,-6.444
-0.778,-0.389,1.222,-1.833,-0.889,0.056,1.111,1.778,-1.889,-3.611,-4.056,-2.556
3.778,4.944,7.222,3.944,9.0,6.389,8.0,6.167,4.944,6.222,9.444,6.0
11.722,11.556,11.278,11.111,15.889,10.333,10.333,11.111,10.889,11.889,14.111,12.5
14.222,14.222,14.667,16.5,15.778,13.556,16.222,15.556,15.167,15.056,15.444,16.111
12.778,15.333,13.222,17.111,14.278,13.278,15.333,15.778,14.389,15.222,13.556,15.111
7.333,7.5,10.056,7.889,7.556,5.444,11.111,7.333,7.944,11.222,9.778,9.889
1.611,3.333,0.778,2.111,0.389,0.0,3.222,2.944,1.667,1.278,-0.111,1.667
-4.889,-5.833,-8.833,-4.444,-5.222,-7.833,-2.611,-8.0,-4.111,-6.667,-6.889,-7.889
-14.833,-12.444,-15.5,-21.611,-10.778,-9.722,-10.222,-7.944,-15.833,-16.167,-9.111,-14.556
-4.111,-3.278,-7.611,-2.389,-4.833,0.056,1.444,-5.333,-3.167,0.111,-5.056,-3.722
-6.167,-2.556,-7.056,-0.667,-3.389,-2.611,2.333,-0.889,-0.111,-0.667,3.833,-1.0
1.111,6.778,1.167,3.0,2.167,1.889,3.944,4.278,2.833,0.444,3.444,3.889
7.944,7.389,7.889,4.722,6.333,5.889,7.611,8.5,7.444,7.111,4.889,6.944
11.667,10.222,12.111,11.111,9.944,12.167,14.667,13.722,11.722,12.167,16.111,14.444
16.0,17.444,16.667,15.667,14.611,16.722,18.389,15.5,17.611,17.722,18.833,17.556
18.111,19.278,19.0,19.0,19.0,20.389,20.389,19.0,18.333,18.556,19.944,21.0
18.444,17.333,18.611,19.389,19.222,18.833,18.5,19.444,17.556,18.556,19.167,19.111
12.5,16.444,16.111,13.778,14.889,13.556,15.833,13.611,15.333,15.278,18.667,14.0
7.222,9.444,4.778,8.667,4.556,6.944,8.722,7.778,7.167,9.222,10.111,5.667
2.5,4.5,4.833,2.444,2.944,1.611,3.722,5.389,0.889,0.722,1.667,3.056
-3.222,-1.222,-2.167,-4.444,-2.111,-0.889,1.111,-1.778,-1.0,-0.556,1.389,-0.167
1.722,-0.944,-2.333,0.444,-1.0,1.667,3.389,0.944,0.667,2.444,-1.167,-0.389
0.889,1.667,-0.944,2.778,1.778,3.111,4.111,2.944,3.333,3.556,4.444,-0.222
5.833,7.778,5.167,6.0,5.389,6.333,5.944,6.944,6.778,5.889,9.111,5.278
11.167,9.056,12.333,8.444,9.444,9.667,9.278,11.611,10.5,9.389,9.0,12.778
15.667,14.167,16.389,14.333,14.667,14.556,17.333,17.389,16.333,15.444,18.389,18.111
19.389,18.667,20.111,18.167,18.778,20.167,21.556,19.389,21.278,20.944,22.167,21.722
20.444,20.889,22.056,21.278,21.0,22.222,23.111,21.389,21.167,21.056,22.222,23.444
20.556,19.611,20.667,21.389,21.167,21.389,21.444,21.444,21.0,21.556,21.722,22.333
15.833,17.889,18.722,17.778,17.278,16.667,20.056,17.167,16.333,19.0,19.333,18.444
12.278,12.889,11.222,13.111,11.722,10.778,14.278,12.778,10.833,12.333,13.389,11.778
4.722,8.444,8.056,7.278,6.556,3.444,8.944,8.167,5.889,5.278,4.444,6.222
0.556,0.389,0.611,-2.833,2.0,2.833,2.611,1.556,1.278,0.5,3.0,3.833
-11.944,-13.833,-5.611,-6.556,-11.389,-8.5,-5.667,-4.444,-10.889,-12.722,-5.722,-7.833
-4.111,-7.944,-4.944,-4.611,-7.167,-7.222,-5.167,-6.333,-6.778,-8.667,-6.389,-8.5
-2.556,-3.611,-0.167,-1.222,-4.222,-1.5,-3.389,-1.778,-4.111,-1.889,-2.556,-2.444
-1.222,-0.833,1.389,-1.333,1.222,0.389,-0.333,0.611,-1.833,0.0,1.667,0.056
4.333,5.5,3.944,3.611,4.778,6.444,4.722,6.222,3.778,5.5,6.889,4.5
9.944,9.444,9.444,9.278,12.111,8.444,7.722,10.5,9.667,11.667,11.833,11.278
13.889,13.333,13.222,13.389,14.944,11.611,15.0,16.222,14.944,15.667,16.389,16.0
11.056,12.944,11.611,14.333,12.944,11.944,13.944,14.722,13.722,14.056,14.389,14.778
6.389,6.444,7.333,9.444,7.278,7.167,10.0,8.222,8.056,9.611,10.167,11.222
1.944,2.0,3.0,3.167,4.889,2.167,2.111,4.444,2.278,0.889,2.778,2.833
-3.833,-3.333,-3.611,-2.833,-3.167,-6.333,-2.611,-4.111,-1.333,-2.778,-4.889,-6.111
-10.167,-7.0,-11.556,-7.0,-9.5,-8.333,-9.056,-6.278,-8.611,-10.833,-7.833,-7.389
-19.222,-12.5,-15.111,-12.833,-15.5,-11.889,-10.389,-18.0,-11.0,-12.889,-13.889,-17.778
-17.0,-15.556,-19.444,-12.278,-14.0,-19.889,-8.833,-15.889,-11.611,-10.111,-9.222,-12.556
-7.111,-3.333,-10.611,-5.278,-8.667,-10.444,-5.778,-9.0,-9.333,-5.944,-6.667,-6.333
-0.278,0.111,-2.944,-0.389,-0.222,-0.611,-0.778,-2.667,-0.111,-1.389,-2.722,-0.667
3.222,4.722,5.889,4.667,6.111,4.833,7.333,4.944,2.667,5.556,6.056,6.444
10.0,11.056,9.556,9.444,7.444,9.0,11.5,10.0,11.833,10.611,8.778,9.944
12.556,13.0,11.611,12.222,14.0,12.833,12.556,13.056,13.556,15.222,13.778,12.611
9.778,13.667,11.889,11.944,13.167,12.444,12.167,14.111,11.444,11.667,14.667,13.944
8.444,6.889,4.111,7.833,5.778,7.5,8.111,8.611,8.722,7.5,10.333,8.833
3.0,1.389,0.444,1.278,0.389,0.111,3.222,1.333,0.944,2.889,2.833,1.889
-4.444,-3.167,-5.722,-2.722,-3.056,-4.278,-1.611,-2.444,-2.611,-5.167,-4.722,-1.778
-12.778,-8.833,-11.167,-12.167,-12.778,-10.333,-7.0,-10.778,-10.333,-10.278,-10.0,-7.0
-6.722,-4.167,-7.278,-3.5,-7.0,-1.056,0.0,-5.389,-3.5,-1.611,-6.278,-5.0
-7.444,-4.444,-7.944,-3.333,-3.778,-4.278,0.389,-2.944,-1.333,-2.667,1.722,-1.778
1.0,4.222,-0.5,2.278,0.389,-0.111,1.778,2.0,1.333,-1.0,-0.333,2.444
5.444,6.0,5.5,4.778,4.889,4.667,6.278,6.111,7.111,6.444,4.444,5.833
9.111,9.389,10.0,9.389,9.944,11.167,12.722,11.333,9.5,10.722,14.778,12.333
14.778,16.722,14.833,14.667,13.667,14.944,16.278,15.0,16.333,16.833,17.278,15.833
17.611,17.556,16.944,17.056,17.778,19.222,17.889,18.222,17.278,19.278,18.222,19.444
17.5,17.667,18.333,17.556,18.389,17.333,17.222,19.0,16.056,17.0,18.667,18.222
11.667,14.667,14.5,12.278,12.444,14.111,14.722,13.722,14.5,12.778,18.389,13.667
7.444,7.611,4.889,7.389,2.889,5.889,7.056,6.333,5.833,8.444,9.556,5.556
2.389,2.111,3.389,1.667,1.111,1.778,1.5,4.278,1.0,0.333,1.556,3.222
-4.333,-2.111,-2.333,-3.889,-3.667,-3.056,0.111,-2.833,-0.944,-0.944,-0.611,-2.611
-4.056,-5.778,-3.0,-1.056,-4.889,-7.556,-3.0,-0.5,-6.111,-4.667,-0.833,-3.556
-1.722,-2.667,-1.0,-0.111,-2.444,-5.5,-0.389,-2.667,-2.278,-2.0,-3.889,-3.611
0.222,-0.611,0.111,1.222,-1.0,-0.833,0.222,0.5,-2.0,-0.667,-1.333,0.444
0.0,0.778,2.0,0.833,2.5,2.278,1.556,1.833,-0.944,1.5,2.056,-0.389
4.389,4.444,3.889,5.167,4.611,7.444,6.111,4.556,5.5,5.5,7.722,3.833
7.556,7.556,8.333,7.722,7.722,8.111,8.722,8.778,6.889,8.667,8.0,8.556
10.833,10.111,10.833,9.833,10.111,9.444,13.389,11.222,10.444,11.611,11.667,12.389
9.889,9.222,10.5,11.278,9.833,10.111,11.389,10.889,10.722,12.056,11.5,13.167
7.667,7.611,7.722,5.722,6.889,7.0,9.111,8.389,7.056,9.667,7.0,9.278
2.333,3.167,1.833,2.167,5.444,4.167,2.778,4.833,2.444,2.0,3.0,5.667
-0.222,-1.667,-4.111,1.333,0.278,-4.389,1.222,-3.389,1.0,-1.222,-0.056,-3.944
-5.556,-0.944,-7.333,-8.278,-3.5,-2.333,-4.111,-3.0,-6.556,-5.667,-2.389,-6.167
-9.556,-6.111,-10.444,-5.5,-8.722,-2.167,-1.111,-7.944,-6.0,-3.833,-8.444,-7.889
-10.333,-5.722,-11.889,-4.944,-6.0,-6.278,-0.222,-4.667,-3.778,-4.889,-0.167,-4.778
-1.222,3.389,-2.222,0.0,-1.222,-1.667,0.556,0.5,-0.667,-2.056,-1.778,-0.167
3.889,4.611,4.0,3.222,3.278,3.0,4.111,5.0,5.611,4.222,2.0,3.5
7.778,7.833,8.333,7.167,8.0,8.556,11.222,10.056,7.0,8.944,13.111,10.444
12.833,14.444,12.944,12.722,11.111,13.056,14.444,12.444,14.222,14.778,15.222,13.5
15.333,15.833,15.722,15.611,15.833,17.167,15.889,16.0,14.944,16.889,16.167,17.167
16.222,16.278,16.778,16.167,16.556,15.778,15.389,17.056,14.056,15.222,17.056,16.444
10.889,12.667,13.722,10.056,11.0,12.167,12.389,12.056,12.556,11.5,16.667,12.0
5.611,6.611,3.167,5.889,1.444,4.167,5.556,4.5,4.0,6.944,7.444,2.944
1.444,0.611,1.667,0.111,-0.611,0.333,0.111,2.444,-1.333,-1.444,-0.278,1.0
-5.944,-3.333,-4.333,-6.056,-5.333,-3.722,-2.111,-4.167,-3.778,-2.667,-1.944,-4.056
-15.222,-13.111,-18.944,-11.611,-18.0,-14.667,-10.111,-15.056,-14.389,-13.611,-14.444,-18.444
-15.889,-11.722,-18.889,-7.667,-17.0,-13.722,-4.167,-16.333,-16.222,-13.444,-14.722,-15.5
-4.444,-1.667,-9.833,-4.444,-6.389,-7.722,-5.0,-7.611,-9.667,-9.944,-7.167,-6.556
0.667,0.111,-0.667,-1.167,-0.5,-1.333,1.667,-0.889,0.333,-1.778,-5.444,-1.0
4.722,4.889,6.667,3.833,6.778,6.611,8.778,5.333,4.0,6.278,9.444,7.889
11.444,12.556,10.667,11.389,11.833,10.611,11.611,10.611,12.0,11.944,13.333,11.889
13.5,14.556,13.778,16.222,14.889,14.611,14.222,13.722,14.111,14.444,14.611,14.556
12.778,14.611,13.056,15.333,15.167,14.167,14.389,14.389,12.111,13.056,14.333,13.944
9.0,8.889,10.333,9.111,8.778,5.778,10.056,8.778,9.833,9.167,10.667,9.722
4.056,5.389,2.056,3.0,-0.833,0.611,3.833,1.833,2.389,2.667,1.722,2.0
-3.778,-3.778,-5.833,-2.611,-2.722,-5.222,-1.389,-3.833,-3.722,-5.222,-6.0,-3.167
-12.333,-12.389,-14.722,-18.778,-12.5,-9.278,-9.0,-8.5,-16.556,-16.0,-7.389,-11.0
-14.111,-15.556,-14.0,-8.778,-14.556,-14.556,-10.778,-8.111,-14.833,-12.944,-9.778,-11.556
-9.444,-13.389,-12.333,-8.611,-11.222,-15.278,-8.667,-12.778,-10.778,-11.333,-13.5,-13.167
-6.111,-8.0,-6.111,-5.333,-7.944,-6.222,-8.389,-5.889,-8.444,-7.444,-6.444,-7.278
-5.222,-5.0,-1.556,-4.722,-2.444,-2.944,-2.889,-1.222,-5.722,-5.444,-3.222,-4.944
0.389,0.889,1.5,0.278,2.556,3.167,2.5,2.5,1.444,2.944,4.278,1.222
6.167,6.389,6.0,6.222,10.167,5.333,4.556,5.833,5.611,7.222,7.5,6.611
9.278,9.556,9.444,10.0,11.0,7.0,11.778,11.833,10.389,11.333,11.0,11.556
7.833,9.444,7.444,12.056,8.778,7.444,10.0,11.5,9.111,10.722,8.944,11.056
2.944,3.722,4.0,4.333,3.5,2.667,7.5,3.389,3.333,7.056,4.944,6.611
-1.556,-0.5,-2.111,-0.389,0.333,-2.0,-0.333,-0.222,-1.333,-2.167,-1.889,-0.778
-8.389,-7.167,-10.722,-7.333,-7.167,-10.611,-4.556,-9.611,-4.222,-6.944,-7.778,-10.444
-13.944,-10.111,-17.5,-18.167,-11.944,-10.556,-12.0,-9.444,-13.611,-13.667,-11.667,-13.0
-20.389,-25.333,-14.056,-22.056,-17.056,-20.0,-21.0,-15.944,-21.556,-15.611,-17.5,-19.278
-20.444,-19.333,-16.0,-17.333,-17.111,-16.056,-16.0,-11.778,-21.444,-18.222,-14.667,-16.611
-14.833,-17.5,-15.278,-15.5,-14.833,-13.333,-11.278,-16.722,-15.111,-16.833,-12.222,-12.833
-10.611,-8.778,-7.889,-7.333,-8.556,-5.722,-5.056,-7.444,-9.722,-13.889,-7.389,-9.0
-1.444,-1.5,-0.889,-0.833,0.278,0.556,-0.278,-1.111,-0.722,-3.389,0.0,-0.667
4.222,4.222,4.167,5.056,5.389,5.667,5.389,5.611,4.778,6.389,5.333,5.833
7.778,6.111,7.167,7.333,7.611,8.722,8.167,7.222,6.444,8.111,8.333,7.556
6.278,4.778,6.111,4.944,5.889,6.167,5.111,5.889,4.556,6.5,6.444,6.389
-0.778,0.722,1.833,-1.278,0.222,0.778,1.667,-0.556,1.278,0.944,2.5,2.722
-8.222,-7.722,-7.611,-8.556,-9.833,-4.167,-6.222,-3.5,-11.222,-1.778,-2.389,-4.889
-14.278,-17.444,-12.0,-12.0,-18.111,-12.556,-12.556,-13.0,-15.944,-13.889,-10.056,-12.056
-23.278,-17.667,-15.889,-15.222,-16.0,-14.389,-19.333,-18.889,-18.111,-17.389,-16.0,-17.167
-14.278,-9.278,-12.111,-9.111,-12.556,-8.167,-6.056,-13.167,-8.0,-8.778,-11.389,-13.167
-13.111,-11.333,-15.056,-8.667,-10.333,-14.167,-5.056,-11.778,-8.778,-8.111,-6.056,-9.333
-4.222,-1.222,-7.278,-2.611,-5.389,-6.944,-2.889,-5.944,-5.833,-4.056,-4.667,-3.667
1.389,2.0,-0.333,1.444,1.167,1.222,1.778,-0.111,2.111,1.0,-0.778,1.444
5.056,6.167,7.0,5.833,7.278,6.667,9.278,6.556,4.833,7.167,8.889,8.222
11.333,13.333,11.111,11.333,10.0,11.111,12.5,11.722,13.389,12.722,11.722,11.778
14.278,15.0,13.556,14.389,15.611,15.0,14.333,14.722,15.333,16.778,15.611,15.222
12.778,15.333,14.278,14.111,15.056,14.111,14.056,15.556,12.833,13.278,16.5,15.5
9.889,9.333,7.778,9.444,8.222,9.556,10.389,10.611,10.333,9.056,12.833,10.833
4.944,4.056,2.222,3.778,1.778,2.056,4.611,2.889,2.667,5.0,4.889,3.611
-1.5,-0.889,-2.333,-0.722,-0.667,-2.0,-0.611,0.333,-1.0,-2.778,-2.278,0.056
-9.111,-6.0,-7.833,-9.0,-9.0,-7.389,-4.5,-6.667,-7.278,-7.389,-5.833,-5.444
-15.333,-12.889,-18.889,-11.333,-17.111,-14.667,-10.444,-14.611,-14.333,-13.111,-14.278,-18.167
-15.556,-11.889,-18.556,-7.944,-16.444,-14.056,-4.0,-15.667,-15.556,-12.667,-14.5,-15.889
-4.722,-1.222,-9.167,-4.167,-6.222,-7.5,-5.167,-7.611,-8.444,-9.167,-6.222,-6.278
1.0,0.333,0.056,-0.778,-0.389,-0.611,1.944,0.167,0.278,-1.833,-4.444,-1.111
4.833,5.389,7.389,4.333,8.0,6.778,9.278,6.0,4.667,6.778,9.667,8.111
11.944,12.778,11.333,12.0,12.833,11.111,12.0,11.222,12.333,12.5,14.0,12.778
13.889,14.611,14.222,16.667,15.222,15.0,14.889,14.389,14.611,14.833,15.222,15.222
13.222,15.0,13.389,16.0,15.222,14.5,14.944,14.778,12.833,13.611,14.667,14.389
9.278,9.0,10.667,9.444,9.0,6.333,10.611,8.556,9.778,10.111,11.0,10.056
3.944,5.611,2.222,3.222,-0.222,1.0,4.333,2.5,2.833,3.111,1.944,2.333
-3.611,-3.5,-5.667,-2.333,-3.222,-5.444,-1.611,-4.056,-3.278,-5.222,-6.333,-3.444
-12.389,-12.222,-14.278,-18.722,-11.833,-9.833,-8.944,-8.111,-15.556,-15.611,-7.778,-10.944
-8.0,-5.444,-11.389,-4.444,-8.0,-4.0,-1.444,-8.333,-6.167,-4.222,-8.0,-8.0
-8.333,-4.778,-11.889,-3.0,-6.611,-6.167,0.611,-5.556,-4.778,-4.167,-1.944,-5.278
-0.111,4.444,-2.444,1.0,-0.222,-0.778,1.278,0.667,-0.222,-1.889,0.0,1.167
5.556,5.722,5.889,3.722,4.333,4.444,5.778,6.278,5.556,4.889,2.222,4.833
9.5,9.222,10.389,9.167,9.889,10.778,13.556,11.111,9.389,11.444,15.056,12.778
15.667,16.444,15.611,15.167,14.222,15.5,16.667,14.056,16.667,16.389,17.944,16.333
17.333,18.167,18.111,18.833,18.111,19.556,18.667,17.944,17.611,17.611,18.389,19.278
17.611,17.222,17.167,18.833,18.444,18.0,17.833,18.278,16.167,16.944,18.389,17.833
12.056,14.667,14.556,12.444,12.778,11.889,14.833,11.889,13.722,13.556,16.444,13.278
6.167,8.667,4.444,7.5,3.111,5.111,7.444,6.056,5.889,7.167,7.722,4.778
1.333,2.444,2.222,2.0,1.0,0.333,2.389,3.167,0.111,-0.667,-0.722,1.111
-5.222,-4.167,-4.389,-9.056,-4.778,-3.111,-1.944,-2.778,-5.333,-4.778,-1.556,-3.5
-0.444,1.333,-2.0,0.611,-0.722,4.722,4.056,-1.167,1.222,4.556,-1.0,0.778
-2.167,0.278,-2.056,2.222,0.889,1.556,4.333,2.833,3.389,2.889,8.5,3.889
3.833,9.0,4.222,5.667,5.167,4.833,5.778,8.5,5.611,2.944,5.056,7.333
10.167,9.333,9.667,7.778,9.389,7.667,10.222,10.111,10.278,10.389,8.611,9.944
13.333,13.0,14.222,13.5,12.5,14.111,15.889,15.778,13.889,13.778,17.111,16.111
17.833,18.889,18.5,17.5,16.833,18.5,19.778,18.5,19.167,19.778,20.111,19.444
19.778,20.167,20.056,20.111,20.0,21.278,21.333,20.611,19.944,20.944,21.0,21.778
19.889,19.556,20.167,20.278,20.722,20.111,20.056,21.0,20.0,20.167,20.833,20.889
15.611,18.389,17.833,16.056,17.667,17.444,18.5,16.833,17.889,17.333,20.833,17.167
11.056,11.722,9.389,11.778,8.222,11.0,12.0,11.222,10.222,12.333,13.833,9.444
4.778,7.056,8.389,5.278,6.833,5.833,8.0,8.333,4.056,5.556,6.111,8.222
-0.222,1.778,2.444,1.111,1.222,1.278,5.667,0.389,4.444,4.5,4.667,3.389
-14.944,-13.278,-18.278,-8.944,-15.556,-16.0,-12.278,-11.0,-14.778,-12.389,-12.111,-12.889
-10.833,-11.0,-15.111,-7.167,-12.389,-15.278,-5.944,-13.0,-12.111,-9.778,-16.389,-13.389
-4.722,-4.222,-6.722,-4.556,-6.056,-5.389,-7.833,-6.944,-7.056,-8.333,-6.611,-6.389
-2.556,-2.222,0.278,-2.833,-1.333,-1.0,-0.167,0.611,-3.389,-4.0,-3.611,-3.556
2.444,3.278,5.0,2.556,6.167,5.111,5.389,4.556,3.667,4.889,7.278,4.111
9.111,9.222,9.0,8.833,13.111,8.167,7.944,8.944,8.444,9.778,10.944,9.778
11.611,11.667,12.111,13.111,13.0,10.5,14.0,13.556,12.556,13.0,12.944,13.778
10.444,12.333,10.333,14.444,11.389,10.556,12.944,13.667,11.667,12.944,11.222,13.222
5.778,5.944,7.333,5.944,5.722,4.167,9.278,5.611,5.722,9.278,6.944,8.333
0.222,1.556,-0.278,1.056,0.222,-0.722,1.444,1.611,0.333,-0.278,-0.778,1.111
-5.944,-7.333,-9.778,-5.056,-5.833,-8.889,-3.444,-9.056,-3.944,-6.778,-7.0,-9.278
-14.722,-11.0,-16.222,-20.556,-10.944,-9.389,-11.056,-8.833,-15.389,-14.944,-9.556,-14.278
-0.556,-2.056,-4.833,-0.778,-2.889,-0.167,1.889,-1.389,-1.111,0.833,-2.889,-2.278
-1.389,0.167,-3.556,1.556,-0.222,0.611,3.056,0.722,1.222,1.556,2.611,-1.389
4.333,7.222,3.333,4.556,4.0,4.556,4.444,5.333,5.056,3.611,6.833,4.111
9.889,8.333,10.833,7.111,8.444,8.278,8.444,10.278,9.0,8.056,6.944,10.556
13.944,13.056,14.944,13.056,13.667,13.889,16.333,15.778,14.833,14.167,17.556,16.611
18.833,18.333,19.333,17.5,18.222,19.278,20.444,18.389,20.056,19.944,21.278,20.667
20.056,20.611,21.556,21.0,20.667,21.833,22.611,21.167,20.778,20.389,21.667,22.722
20.167,19.333,20.056,21.444,20.778,21.0,21.0,21.167,20.389,20.833,20.833,21.5
14.778,17.389,18.056,16.556,16.667,15.389,19.444,15.833,15.944,18.056,18.889,17.167
10.556,12.0,9.222,11.611,9.667,9.444,12.611,11.167,9.611,11.0,11.944,9.889
3.5,6.944,6.333,5.611,5.167,2.111,7.5,6.444,4.333,3.667,2.889,4.5
-1.333,-0.722,-1.056,-4.833,0.389,1.111,1.444,0.222,-0.389,-1.056,1.667,1.667
-8.111,-9.167,-5.222,-5.444,-8.444,-5.0,-4.778,-3.5,-8.111,-8.889,-5.056,-6.333
-3.167,-5.333,-4.556,-3.556,-4.889,-4.444,-4.056,-4.333,-4.833,-6.556,-4.222,-7.056
-1.833,-2.444,0.111,-0.778,-3.222,-0.944,-2.222,-1.0,-2.389,-1.056,-0.889,-1.944
0.333,-0.333,2.389,-0.444,1.889,1.889,0.333,1.944,0.556,1.556,3.111,2.333
5.611,6.222,5.667,4.889,6.167,7.111,6.111,7.556,5.5,6.944,8.333,7.111
11.111,10.5,11.611,10.0,12.667,10.556,9.778,11.444,11.556,13.111,13.333,13.389
14.333,14.056,14.667,14.556,15.056,13.833,15.833,16.444,15.444,16.0,16.389,16.722
12.5,13.444,12.833,14.944,14.389,13.722,14.722,15.389,14.611,14.889,14.889,15.389
8.056,8.333,9.556,11.389,8.667,8.667,11.667,10.056,9.833,11.444,11.556,12.167
3.5,3.111,4.611,5.0,5.611,3.389,4.278,6.222,3.889,2.5,4.778,4.556
-2.556,-2.056,-0.889,-1.5,-1.889,-4.167,-0.833,-1.833,-0.611,-1.333,-3.0,-4.056
-8.444,-6.5,-8.611,-6.167,-7.222,-6.5,-6.222,-5.444,-5.889,-7.222,-5.611,-5.444
-6.611,-7.278,-3.389,-2.944,-7.0,-8.944,-3.5,-1.556,-8.0,-7.556,-2.278,-5.5
-2.611,-4.333,-2.444,-1.889,-4.333,-7.444,-2.889,-4.778,-4.278,-4.333,-5.5,-5.944
-1.556,-2.611,-0.833,-0.056,-2.778,-1.222,-1.833,-0.778,-4.0,-2.111,-2.722,-1.278
-1.722,-0.778,0.833,-0.889,1.222,0.611,0.222,0.167,-2.611,-0.111,0.778,-1.889
3.0,3.444,2.722,3.667,3.333,5.889,4.167,3.667,3.889,4.167,6.222,2.444
6.944,6.778,6.833,6.556,7.889,6.444,6.778,7.667,5.944,7.722,7.167,7.389
10.167,9.722,10.167,9.111,10.167,7.556,12.333,11.611,10.056,11.611,11.333,12.111
9.278,8.944,9.222,11.222,8.778,8.556,10.611,10.722,9.833,11.056,10.389,12.556
6.333,6.333,6.333,5.167,5.444,5.611,8.5,7.0,5.833,8.111,5.722,8.444
1.222,1.722,0.611,1.944,4.389,2.778,1.167,3.5,1.611,0.5,2.0,3.833
-1.444,-1.667,-5.333,-0.222,-1.444,-6.278,-0.444,-4.389,0.0,-2.222,-2.278,-5.722
-6.111,-2.444,-9.167,-8.444,-6.056,-4.667,-6.333,-3.667,-7.222,-7.778,-5.0,-6.833
-3.556,-3.778,0.556,-0.833,-2.889,-3.111,0.0,1.833,-3.111,-4.444,1.222,-1.111
2.444,0.111,0.556,1.0,-1.0,-1.333,-0.167,-1.0,-1.111,-2.056,-1.778,-1.556
1.333,0.0,4.0,2.667,0.833,3.667,1.389,2.111,0.722,2.833,1.056,2.333
2.389,2.889,3.389,2.111,4.333,4.167,2.5,2.5,2.333,4.667,4.944,3.722
6.722,8.444,6.444,6.889,6.611,8.5,5.389,7.833,7.222,8.111,8.722,7.111
11.611,11.889,10.778,10.722,11.722,10.556,9.833,12.444,11.556,12.889,12.333,12.778
15.222,14.556,14.278,13.0,16.056,13.0,15.389,16.722,15.556,16.778,17.5,16.667
12.722,13.778,13.556,15.0,14.389,13.389,15.278,15.167,15.278,14.5,15.444,16.778
10.167,9.611,9.889,12.333,10.333,10.222,11.944,12.167,11.389,11.556,11.556,13.833
5.667,5.167,6.944,7.278,8.167,6.833,4.722,8.111,6.111,4.444,6.556,7.556
1.889,1.611,-0.167,2.167,1.889,-0.778,1.444,0.111,3.611,2.0,1.5,-1.222
-3.611,-0.389,-4.778,0.333,-3.111,-2.444,-3.333,-0.833,-3.0,-3.667,-1.0,-1.611
-7.461,-6.761,-8.411,-4.522,-8.089,-5.928,-3.522,-5.422,-6.8,-5.672,-6.022,-6.95
-5.55,-4.928,-7.7,-2.672,-5.711,-6.139,-1.328,-5.311,-4.789,-4.4,-4.239,-6.039
-0.472,1.289,-1.172,0.422,-1.172,-0.55,-0.65,-0.211,-1.3,-1.611,-0.311,-0.311
3.311,3.011,4.311,2.111,3.522,3.322,3.7,4.172,2.961,2.922,2.328,3.378
7.611,7.922,8.672,7.422,8.6,9.1,9.878,9.311,8.089,8.989,11.45,9.65
13.161,13.372,13.2,12.522,13.722,12.85,13.278,13.089,13.65,14.322,14.961,14.389
15.528,15.728,15.939,16.111,16.322,15.711,17.161,16.789,16.161,16.661,17.039,17.539
14.7,15.261,14.878,16.739,15.811,15.3,16.15,16.6,15.339,15.878,16.139,16.811
10.361,11.361,11.889,11.372,10.889,10.15,13.339,11.139,11.35,12.622,13.172,12.711
5.439,6.278,4.689,6.278,4.939,4.772,6.289,6.328,5.089,5.3,6.128,5.489
-0.378,0.461,-0.5,0.711,0.289,-2.15,1.689,0.0,0.5,-0.7,-1.189,-1.139
-6.711,-4.65,-7.011,-8.6,-5.328,-4.239,-3.828,-3.811,-6.028,-6.328,-3.189,-4.672
-0.278,0.444,-2.889,0.111,-0.667,4.222,3.222,-2.0,0.056,4.611,-1.667,0.0
-2.222,0.222,-2.611,2.667,0.333,1.5,3.722,2.889,2.278,2.889,8.833,2.889
3.333,9.611,3.778,4.889,5.111,4.667,5.611,8.278,5.111,2.889,6.222,6.556
10.611,9.444,9.833,7.333,9.833,7.722,9.833,10.444,10.333,10.0,7.889,9.667
13.778,12.833,14.667,13.722,12.056,14.056,16.0,16.444,14.722,13.778,17.056,16.778
17.889,18.833,19.222,18.0,17.222,18.944,20.556,18.722,19.333,20.111,20.389,20.5
19.722,20.778,20.778,20.611,20.444,21.389,22.056,20.667,20.222,20.667,21.556,22.111
19.722,19.111,20.222,20.667,20.833,20.722,20.389,21.056,20.222,20.333,20.778,21.222
15.222,18.778,18.444,15.667,18.5,16.778,19.167,16.444,17.889,17.667,20.889,16.778
10.0,12.056,8.222,11.056,8.222,10.444,12.0,10.611,10.0,11.944,13.722,8.222
3.778,7.333,7.833,4.667,7.0,4.0,7.889,7.556,3.056,4.444,4.5,6.611
-0.722,1.111,1.111,-0.222,1.333,1.611,5.556,-0.222,3.944,3.111,4.444,4.167
